Translation,Avg Logit Value,Std Logit Value,Avg Non Zero,Std Non Zero
"

∀x (ProfessionalSoccerPlayer(x) → ¬PlaysBasketball(x))  
∀x (ProfessionalSoccerDefender(x) → ProfessionalSoccerPlayer(x))  
∀x (ProfessionalCenterback(x) → ProfessionalSoccerDefender(x))  
∃x (Athlete(x) ∧ ProfessionalCenterback(x))  
PlaysBasketball(StephenCurry)",120.15216980118217,24.706295032248278,1.1918323481998925,0.4854220074932249
"

∀x (ProfessionalSoccerPlayer(x) → ¬ProfessionalBasketballPlayer(x))  
∀x (ProfessionalSoccerDefender(x) → ProfessionalSoccerPlayer(x))  
∀x (ProfessionalCenterback(x) → ProfessionalSoccerDefender(x))  
∃x (Athlete(x) ∧ ProfessionalCenterback(x))  
ProfessionalBasketballPlayer(StephenCurry)",120.55528754984492,25.710275674993717,1.1914045192733718,0.49958478447418114
"

∀x (ProfessionalSoccerPlayer(x) → ¬PlaysProfessionalBasketball(x))  
∀x (ProfessionalSoccerDefender(x) → ProfessionalSoccerPlayer(x))  
∀x (ProfessionalCenterback(x) → ProfessionalSoccerDefender(x))  
∃x (Athlete(x) ∧ ProfessionalCenterback(x))  
PlaysProfessionalBasketball(StephenCurry)",132.24451620745543,28.12788052508055,1.1288492706645057,0.4090873801207052
"

∀x (Join(x) → Opportunities(x))  
∀x (Student(x) ∧ StayAlone(x) → Opportunities(x))  
∀x (WantLeadership(x) → Join(x))  
∀x ((WellAdjusted(x) ∧ Engaged(x)) → Respected(x))  
∀x (CareCommunity(x) → (WellAdjusted(x) ∧ Engaged(x)))  
¬StayAlone(Tyler) → Opportunities(Tyler)",117.52840098436594,23.250879410342023,1.194267515923567,0.5083684453287116
"

∀x (JoinSG(x) → Opportunities(x))  
∀x (StayAlone(x) → Opportunities(x))  
∀x (WantLeadership(x) → JoinSG(x))  
∀x (WellAdjusted(x) → Respected(x))  
∀x (CareCommunity(x) → WellAdjusted(x))  
¬StayAlone(Tyler) → Opportunities(Tyler)",135.0971995490417,27.07213304922682,1.0935738444193912,0.3171771115363066
"

∀x (Runners(x) ∧ RankedTop1000(x) → FinishedWithin3Hours(x))  
∀x (Runners(x) ∧ FromYaleRunningClub(x) → RankedTop1000(x))  
∀x (Runners(x) ∧ WearingBulldogLogo(x) → FromYaleRunningClub(x))  
∃x (Runners(x) ∧ WearingBulldogLogo(x) ∧ MajorCS(x))  
Runners(Tim) ∧ (FinishedWithin3Hours(Tim) → ¬(FromYaleRunningClub(Tim) ∧ RankedTop1000(Tim)))  
Runners(Tim) ∧ (MajorCS(Tim) → (WearingBulldogLogo(Tim) ∨ FromYaleRunningClub(Tim)))",123.5256695421367,25.56923409529367,1.1532846715328466,0.46195054047160955
"

∀x (RankedTop1000(x) → FinishedWithin3Hours(x))  
∀x (FromYaleClub(x) → RankedTop1000(x))  
∀x (WearsBulldogTshirt(x) → FromYaleClub(x))  
∃x (WearsBulldogTshirt(x) ∧ MajorCS(x))  
Runner(Tim) ∧ (FinishesWithin3Hours(Tim) → ¬(FromYaleClub(Tim) ∧ RankedTop1000(Tim)))  
Runner(Tim) ∧ (MajorCS(Tim) → (WearsBulldogTshirt(Tim) ∨ FromYaleClub(Tim)))",138.2448424976701,25.616526293328608,1.0689655172413792,0.2973893110930718
"

∀x (RankedInTop1000(x) → FinishedWithin3Hours(x))  
∀x (FromYaleRunningClub(x) → RankedInTop1000(x))  
∀x (WearingBulldogTshirt(x) → FromYaleRunningClub(x))  
∃x (WearingBulldogTshirt(x) ∧ MajorInCS(x))  
Runner(Tim) ∧ (FinishedWithin3Hours(Tim) → ¬(FromYaleRunningClub(Tim) ∧ RankedInTop1000(Tim)))  
Runner(Tim) ∧ (MajorInCS(Tim) → (WearingBulldogTshirt(Tim) ∨ FromYaleRunningClub(Tim)))",129.92663505244755,25.87107912467689,1.1158216783216783,0.3924034196153935
"

∀x (Flower(x) → ¬Noisy(x))  
∀x (Roses(x) → Flower(x))",123.11911784511786,24.46266106914773,1.1981721981721982,0.5098137689920685
"

∀x (OpticalEngineer(x) → (StudiesScience(x) ∧ StudiesEngineering(x)))  
∀x (StudiesOpticalEngineering(x) → OpticalEngineer(x))  
∀x (OpticalEngineer(x) → (StudiesGeneration(x) ∨ StudiesTransmission(x) ∨ StudiesDetection(x)))  
OpticalEngineer(Murphy)",125.71289108910891,25.774385297296323,1.1516651665166517,0.4705019816209287
"

∀x (OpticalEngineer(x) → (StudiesScience(x) ∧ StudiesEngineering(x)))  
∀x (StudiesOpticalEngineering(x) → OpticalEngineer(x))  
∀x (OpticalEngineer(x) → (StudiesGeneration(x) ∨ StudiesTransmission(x) ∨ StudiesDetection(x)))  
OpticalEngineer(Murphy)",123.73871189873418,28.13451789293507,1.199493670886076,0.4957538658745513
"

∀x (OpticalEngineer(x) → (StudiesScience(x) ∧ StudiesEngineering(x)))  
∀x (StudiesOpticalEngineering(x) → OpticalEngineer(x))  
∀x (OpticalEngineer(x) → (StudiesGeneration(x) ∨ StudiesTransmission(x) ∨ StudiesDetection(x)))  
OpticalEngineer(Murphy)",125.84833599999999,26.82333535930909,1.1788571428571428,0.4846310610207753
"

∀x (Friend(Jane, x) ∧ WearsScrub(x) → WorkHospital(x))  
∀x (Friend(Jane, x) ∧ WearCasual(x) → ¬WorkHospital(x))  
∀x (Friend(Jane, x) ∧ WorkLab(x) → WearsScrub(x))  
∀x (Friend(Jane, x) ∧ EnjoyEngineering(x) ∧ WorkRelated(x) → WorkLab(x))  
∀x (Friend(Jane, x) ∧ AnalyticalCareer(x) → (EnjoyEngineering(x) ∧ WorkRelated(x)))  
Friend(Jane, martha) ∧ ((EnjoyEngineering(martha) ∧ WorkRelated(martha)) ⊕ WearsScrub(martha))",120.288855233853,24.74986722910909,1.2150457807473398,0.5264884666835022
"

∀x (Friend(Jane, x) ∧ WearScrub(x) → WorkHospital(x))  
∀x (Friend(Jane, x) ∧ WearCasual(x) → ¬WorkHospital(x))  
∀x (Friend(Jane, x) ∧ WorkLab(x) → WearScrub(x))  
∀x (Friend(Jane, x) ∧ (EnjoyEngineering(x) ∧ RelatedProfession(x)) → WorkLab(x))  
∀x (Friend(Jane, x) ∧ AnalyticalCareer(x) → (EnjoyEngineering(x) ∧ RelatedProfession(x)))  
Friend(Jane, Martha) ∧ ((EnjoyEngineering(Martha) ∧ RelatedProfession(Martha)) ∨ WearScrub(Martha))",124.88044385245901,24.277376150865603,1.144672131147541,0.4313202842250557
"

∀x (F(x) ∧ W(x) → H(x))  
∀x (F(x) ∧ C(x) → ¬H(x))  
∀x (F(x) ∧ L(x) → W(x))  
∀x (F(x) ∧ E(x) ∧ P(x) → L(x))  
∀x (F(x) ∧ A(x) → E(x) ∧ P(x))  
F(martha) ∧ [(E(martha) ∧ P(martha)) ⊕ W(martha)]",114.80987495270527,22.77016202682857,1.207340143776012,0.534959307723206
"

∀x (Child(x) → Human(x))  
∀x (Underage(x) → Child(x))  
∀x (Underage(x) ∨ OfAge(x))  
∀x (OfAge(x) → CanVote(x))  
∀x (OfAge(x) → CanMarry(x))  
(Child(Jack) ∧ Human(Jack)) → (¬CanVote(Jack) ∧ ¬CanMarry(Jack))",131.42212530120483,27.11572118411941,1.1289156626506025,0.4310340943331199
"

∀x (Child(x) → Human(x))  
∀x (Underage(x) → Child(x))  
∀x (Underage(x) ∨ OfAge(x))  
∀x (OfAge(x) → CanVote(x))  
∀x (OfAge(x) → CanMarry(x))  
(Child(Jack) ∧ Human(Jack)) → (¬CanVote(Jack) ∧ ¬CanMarry(Jack))",134.5992282533055,26.90137529654579,1.0981210855949897,0.36089748073563316
"

∀x (Child(x) → Human(x))  
∀x (Underage(x) → Child(x))  
∀x (Underage(x) ∨ OfAge(x))  
∀x (OfAge(x) → CanVote(x))  
∀x (OfAge(x) → CanMarry(x))  
(Child(Jack) ∧ Human(Jack)) → (¬CanVote(Jack) ∧ ¬CanMarry(Jack))",139.578224861441,29.152907344250217,1.1219319081551862,0.40894829302620034
"

CollegiateResearchUniversity(Oxford)  
CollegiateResearchUniversity(Edinburgh) ∧ FoundedInYear(Edinburgh, 1583) ∧ LocatedIn(Edinburgh, England)  
∀x (CollegiateResearchUniversity(x) ∧ LocatedIn(x, England) ∧ x ≠ Oxford → OlderThan(Oxford, x))  
∀x ∀y (OlderThan(x, y) → ¬OlderThan(y, x))  
EducatedNotableAlums(Oxford)  
HasNobelLaureates(Oxford) ∧ HasFieldsMedalists(Oxford) ∧ HasTuringAwardWinners(Oxford)",119.3527479253112,22.912023352123587,1.1562932226832643,0.46426798944789477
"

1. CollegiateResearchUniversity(Oxford)  
2. CollegiateResearchUniversity(Edinburgh) ∧ FoundedInYear(Edinburgh, 1583) ∧ FoundedInEngland(Edinburgh)  
3. ∀x (CollegiateResearchUniversity(x) ∧ FoundedInEngland(x) ∧ x ≠ Oxford → OlderThan(Oxford, x))  
4. ∀x ∀y (OlderThan(x, y) → ¬OlderThan(y, x))  
5. ∃z (EducatedAlumni(Oxford, z) ∧ NotableAlumni(z))  
6. ∃z (StudiedAt(Oxford, z) ∧ (NobelLaureate(z) ∨ FieldsMedalist(z) ∨ TuringAwardWinner(z)))",122.90151897078061,24.14562383081022,1.1460968163977323,0.4546880224712187
"

CollegiateResearchUniversity(oxford)  
CollegiateResearchUniversity(edinburgh) ∧ OpenedInYear(edinburgh, 1583) ∧ LocatedIn(edinburgh, England)  
∀x (CollegiateResearchUniversity(x) ∧ LocatedIn(x, England) ∧ x ≠ oxford → Older(oxford, x))  
∀x ∀y (Older(x, y) → ¬Older(y, x))  
∃x (EducatedAt(x, oxford) ∧ (PrimeMinister(x) ∨ HeadOfState(x)))  
∃x (EducatedAt(x, oxford) ∧ (NobelLaureate(x) ∨ FieldsMedalist(x) ∨ TuringAwardWinner(x)))",114.70467938931297,23.964868223212257,1.2122724603640633,0.5081620974745004
"

∀x (Boat(x) → FloatsOnWater(x)) ∧ ∃x (Brick(x) ∧ On(x, B))",112.79082087628865,20.56157455062174,1.257409793814433,0.5724927335846054
"

∀x (UnderPeter(x) → (Engineer(x) ∨ Scientist(x)))  
∀x (UnderPeter(x) ∧ Engineer(x) → HardWorking(x))  
∀x (UnderPeter(x) ∧ Scientist(x) → WellCompensated(x))  
∀x (UnderPeter(x) ∧ WellCompensated(x) → ¬WorksRemotely(x))  
∀x (UnderPeter(x) ∧ RefusesInPerson(x) → WorksRemotely(x))  
UnderPeter(Pan) ∧ (¬(WorksRemotely(Pan) ∧ WellCompensated(Pan)) → WorksRemotely(Pan))",126.80717478991596,25.81658988863595,1.1532773109243697,0.45359647643559314
"

∀x (UnderPeter(x) → (Engineer(x) ∨ Scientist(x)))  
∀x (UnderPeter(x) ∧ Engineer(x) → HardWorking(x))  
∀x (UnderPeter(x) ∧ Scientist(x) → WellCompensated(x))  
∀x (UnderPeter(x) ∧ WellCompensated(x) → ¬WorkRemotely(x))  
∀x (UnderPeter(x) ∧ ¬WorkInPerson(x) → WorkRemotely(x))  
UnderPeter(Pan) ∧ (¬(WorkRemotely(Pan) ∧ WellCompensated(Pan)) → WorkRemotely(Pan))",121.74615340364333,25.500547567137275,1.1946308724832215,0.485806798034824
"

∀x (Employee(x, Peter) → (Engineer(x) ∨ Scientist(x)))  
∀x (Employee(x, Peter) ∧ Engineer(x) → HardWorking(x))  
∀x (Employee(x, Peter) ∧ Scientist(x) → WellCompensated(x))  
∀x (Employee(x, Peter) ∧ WellCompensated(x) → ¬WorksRemotely(x))  
∀x (Employee(x, Peter) ∧ RefusesInPerson(x) → WorksRemotely(x))  
Employee(Pan, Peter) ∧ (¬(WorksRemotely(Pan) ∧ WellCompensated(Pan)) → WorksRemotely(Pan))",132.2837887688985,26.573532933721317,1.1226781857451404,0.4036332805422359
"

∀x (NeverLeftUS(x) → ¬BeenToEurope(x))  
∀x (TraveledToIberianPeninsula(x) → BeenToEurope(x))  
∀x (VisitedBarcelona(x) → TraveledToIberianPeninsula(x))  
∀x (TakenSelfieAtBasilica(x) → VisitedMadrid(x))  
(TakenSelfieAtBasilica(Kate) ∨ NeverLeftUS(Kate)) → ¬(VisitedBarcelona(Kate) ∨ NeverLeftUS(Kate))",136.4434184529357,26.019874306311124,1.1006523765144456,0.33875153622654364
"

∀x (NeverLeftUS(x) → ¬BeenToEurope(x))  
∀x (TraveledToIberianPeninsula(x) → BeenToEurope(x))  
∀x (VisitedBarcelona(x) → TraveledToIberianPeninsula(x))  
∀x (TakenSelfieAtBasilica(x) → VisitedMadrid(x))  
(TakenSelfieAtBasilica(Kate) ∨ NeverLeftUS(Kate)) → ¬(VisitedBarcelona(Kate) ∨ NeverLeftUS(Kate))",135.25863882259347,24.785321986983128,1.0723945902943517,0.2936778717394528
"

∀x (NeverLeftUS(x) → ¬BeenToEurope(x))  
∀x (TraveledToIberianPeninsula(x) → BeenToEurope(x))  
∀x (VisitedBarcelona(x) → TraveledToIberianPeninsula(x))  
∀x (TakenSelfieAtBasilica(x) → VisitedMadrid(x))  
(TakenSelfieAtBasilica(kate) ∨ NeverLeftUS(kate)) → ¬(VisitedBarcelona(kate) ∨ NeverLeftUS(kate))",132.14167497456765,26.078311372330106,1.143438453713123,0.4462744823053602
"

∀x (NeverLeftUS(x) → ¬VisitedEurope(x))  
∀x (TraveledIberianPeninsula(x) → VisitedEurope(x))  
∀x (VisitedBarcelona(x) → TraveledIberianPeninsula(x))  
∀x (TakenSelfieBasilica(x) → VisitedMadrid(x))  
(TakenSelfieBasilica(kate) ∨ NeverLeftUS(kate)) → ¬(VisitedBarcelona(kate) ∨ NeverLeftUS(kate))",126.9340153001177,25.714576650384785,1.1400549234994115,0.42802950309081167
"

∀x (NeverLeftUS(x) → ¬BeenToEurope(x))  
∀x (TravelToIberianPeninsula(x) → BeenToEurope(x))  
∀x (VisitedBarcelona(x) → TravelToIberianPeninsula(x))  
∀x (TakenSelfieAtBasilica(x) → VisitedMadrid(x))  
(TakenSelfieAtBasilica(Kate) ∨ NeverLeftUS(Kate)) → ¬(VisitedBarcelona(Kate) ∨ NeverLeftUS(Kate))",121.10114751059322,22.793102276299944,1.142478813559322,0.422282688542474
"

∀x (NeverLeftUS(x) → ¬BeenToEurope(x))  
∀x (TraveledToIberianPeninsula(x) → BeenToEurope(x))  
∀x (VisitedBarcelona(x) → TraveledToIberianPeninsula(x))  
∀x (TakenSelfieAtBasilica(x) → VisitedMadrid(x))  
(TakenSelfieAtBasilica(Kate) ∨ NeverLeftUS(Kate)) → ¬(VisitedBarcelona(Kate) ∨ NeverLeftUS(Kate))",133.70698806366048,24.974558802997237,1.1259946949602122,0.4072136411933895
"

∀x (NeverLeftUS(x) → ¬BeenToEurope(x))  
∀x (TraveledToIberian(x) → BeenToEurope(x))  
∀x (VisitedBarcelona(x) → TraveledToIberian(x))  
∀x (TakenSelfieAtBasilica(x) → VisitedMadrid(x))  
(TakenSelfieAtBasilica(Kate) ∨ NeverLeftUS(Kate)) → ¬(VisitedBarcelona(Kate) ∨ NeverLeftUS(Kate))",136.1860211009174,25.530045575815656,1.0954128440366973,0.3533289449242296
"

∀x (NeverLeftUS(x) → ¬BeenToEurope(x))  
∀x (TraveledToIberianPeninsula(x) → BeenToEurope(x))  
∀x (VisitedBarcelona(x) → TraveledToIberianPeninsula(x))  
∀x (TakenSelfieAtBasilica(x) → VisitedMadrid(x))  
(TakenSelfieAtBasilica(Kate) ∨ NeverLeftUS(Kate)) → ¬(VisitedBarcelona(Kate) ∨ NeverLeftUS(Kate))",127.29711236623069,23.64175736479704,1.1046373365041617,0.354673091240343
"

FOL Premises:
EnglishBand(Pulp)  
Member(JarvisCocker, Pulp)  
Documentary(Doc1, Pulp) ∧ ReleasedInYear(Doc1, 2014)  
∀d, b (Documentary(d, b) → ∀m (Member(m, b) → Features(d, m)))  
∃a (ReleasedBy(Pulp, a) ∧ ReachedNumberOne(a, UKAlbumsChart))",108.09154187931551,20.44362628591305,1.2185529870909637,0.5476111231328841
"

Band(Pulp) ∧ English(Pulp)  
Member(JarvisCocker, Pulp)  
∃D (Documentary(D) ∧ ReleasedInYear(D, 2014) ∧ About(D, Pulp))  
∀D, B (About(D, B) → ∀M (Member(M, B) → Features(D, M)))  
∃A (ReleasedBy(A, Pulp) ∧ Chart(A, UKAlbumsChart))",109.24219959524413,19.86729926763091,1.187958512522135,0.491605943868217
"

Band(Pulp)  
Member(JarvisCocker, Pulp)  
∃d (Documentary(d) ∧ ReleasedInYear(d, 2014) ∧ About(d, Pulp))  
∀d (Documentary(d) → ∀b (About(d, b) → Band(b) → ∀m (Member(m, b) → Feature(m, d))))  
∃a (ReleasedBy(a, Pulp) ∧ Chart(a, 1))",113.63571102564102,23.606184436207332,1.19,0.4961932005859132
"

∀x (Drinks(x) → Dependent(x))  
∀x (Drinks(x) ⊕ Jokes(x))  
∀x (Jokes(x) → ¬Unaware(x))  
(Student(rina) ∧ Unaware(rina)) ⊕ ¬(Student(rina) ∨ Unaware(rina))  
¬(Dependent(rina) ∧ Student(rina)) → (Dependent(rina) ∧ Student(rina)) ⊕ ¬(Dependent(rina) ∨ Student(rina))  
DaysRemaining(December1) = 30  
DayOfWeek(December1_1970, Tuesday)  
DayOfWeek(December1_2021, Wednesday)  
DayOfWeek(today, Thursday)",104.31544304893893,19.455483154880756,1.2438284971849285,0.5429673838652589
"

There are no FOL premises because the necessary predicates are not provided to translate the given natural language statements into first-order logic formulas.",104.15585397489541,15.80385942734175,1.2832635983263598,0.5643638044184617
"

Faster(plane, car)  
Faster(car, walking)  
Faster(riding_bikes, walking)",117.32654047424366,20.79566703865941,1.2387571545380212,0.5487538181770941
"

Faster(plane, car)  
Faster(car, walk)  
Faster(riding_bikes, walk)",115.45121233795263,21.715651139473746,1.2257487706750112,0.5319462963780013
"

∀x (HighQuality(x) → (MadeOf(x, wool) ∨ MadeOf(x, cashmere) ∨ MadeOf(x, alpaca)))  
∀x (HighQuality(x) → Expensive(x))  
∃x (Expensive(x) ∧ ¬WorthPrice(x))  
∀x (ExperiencedShopper(x) → ∀y (¬WorthPrice(y) → ¬Buy(x, y)))  
∀x (Scarfs(x) → Product(x))",113.23432884097035,22.320093976164202,1.235512129380054,0.5446310546617175
"

∀x (Student(x) → (EnrollsPartTime(x) ∨ EnrollsFullTime(x)))  
∀x (Student(x) ∧ EnrollsFullTime(x) → ¬TakesLessThanTwoCourses(x))  
∀x (Student(x) ∧ OwnsStartup(x) → TakesLessThanTwoCourses(x))  
∀x (Student(x) ∧ ListedInForbes30Under30(x) → OwnsStartup(x))  
Student(Jackie) ∧ (TakesLessThanTwoCourses(Jackie) ∨ ListedInForbes30Under30(Jackie))",127.95705969331874,23.16232644591013,1.1078860898138008,0.3727774151732408
"

∀x (Student(x) → (EnrollsPartTime(x) ∨ EnrollsFullTime(x)))  
∀x (Student(x) ∧ EnrollsFullTime(x) → ¬TakesLessThanTwo(x))  
∀x (Student(x) ∧ OwnsStartup(x) → TakesLessThanTwo(x))  
∀x (Student(x) ∧ ListedForbes(x) → OwnsStartup(x))  
Student(Jackie) ∧ (TakesLessThanTwo(Jackie) ∨ ListedForbes(Jackie))",128.01525335892515,25.21646530477845,1.1309021113243762,0.41579301474265545
"

∀x (Student(x) → (EnrollsPartTime(x) ∨ EnrollsFullTime(x)))  
∀x (Student(x) ∧ EnrollsFullTime(x) → ¬TakesLessThanTwoCourses(x))  
∀x (Student(x) ∧ OwnsNewStartup(x) → TakesLessThanTwoCourses(x))  
∀x (Student(x) ∧ ListedInForbes30Under30(x) → OwnsNewStartup(x))  
Student(Jackie) ∧ (TakesLessThanTwoCourses(Jackie) ∨ ListedInForbes30Under30(Jackie))",127.31013973799125,24.428486967463456,1.1183891314895682,0.38602029742305505
"

∀x (EnrollsPartTime(x) ⊕ EnrollsFullTime(x))  
∀x (Student(x) ∧ EnrollsFullTime(x) → ¬TakesLessThanTwoCourses(x))  
∀x (OwnsNewStartup(x) → TakesLessThanTwoCourses(x))  
∀x (Forbes30Under30(x) → OwnsNewStartup(x))  
Student(Jackie) ∧ (TakesLessThanTwoCourses(Jackie) ∨ Forbes30Under30(Jackie))",113.3476496097138,22.024492879600942,1.2189939288811795,0.5331215516762262
"

∀x (Student(x) → (EnrollsPartTime(x) ∨ EnrollsFullTime(x)))  
∀x (Student(x) ∧ EnrollsFullTime(x) → ¬TakesLessThanTwoCourses(x))  
∀x (OwnsNewStartup(x) → TakesLessThanTwoCourses(x))  
∀x (ListedInForbes30Under30(x) → OwnsNewStartup(x))  
Student(Jackie) ∧ (TakesLessThanTwoCourses(Jackie) ∨ ListedInForbes30Under30(Jackie))",126.77492049561178,24.08804172219484,1.1300980898296336,0.41724276348104733
"

∃x (StudentAthlete(x) ∧ Division1Football(x) ∧ ¬ExerciseEveryDay(x))  
∀x ((StudentAthlete(x) ∧ Division1Football(x)) → EnrolledAtYale(x))  
∀x ((StudentAthlete(x) ∧ EnrolledAtYale(x)) → GPAAbove10(x))  
∀x ((StudentAthlete(x) ∧ GPAAbove10(x)) → AllowedSeminarCourses(x))  
StudentAthlete(James) ∧ ¬AllowedSeminarCourses(James)",121.31888782263403,24.18859549014564,1.1829913964262078,0.4961152054514969
"

∃x (StudentAthlete(x) ∧ Division1Football(x) ∧ ¬ExerciseEveryDay(x))  
∀x (StudentAthlete(x) ∧ Division1Football(x) → EnrolledAtYale(x))  
∀x (StudentAthlete(x) ∧ EnrolledAtYale(x) → GPAAbove1.0(x))  
∀x (GPAAbove1.0(x) → AllowedToTakeSeminarCourses(x))  
StudentAthlete(James) ∧ ¬AllowedToTakeSeminarCourses(James)",118.69605172413794,22.47542165218277,1.1551724137931034,0.4751471163605117
"

∃x (StudentAthlete(x) ∧ PlaysDivision1FootballAtYale(x) ∧ ¬ExercisesEveryDay(x))  
∀x (StudentAthlete(x) ∧ PlaysDivision1FootballAtYale(x) → EnrolledAtUniversity(x))  
∀x (StudentAthlete(x) ∧ EnrolledAtUniversity(x) → HasGPAAbove10(x))  
∀x (StudentAthlete(x) ∧ HasGPAAbove10(x) → AllowedToTakeSeminarCourses(x))  
StudentAthlete(James) ∧ ¬AllowedToTakeSeminarCourses(James)",124.95842863087806,24.561532130301057,1.1552226383687059,0.46298797783420526
"

∃x (StudentAthlete(x) ∧ Division1Football(x) ∧ ¬ExerciseEveryDay(x))  
∀x (StudentAthlete(x) ∧ Division1Football(x) → Enrolled(x))  
∀x (StudentAthlete(x) ∧ Enrolled(x) → GPAAbove1.0(x))  
∀x (StudentAthlete(x) ∧ GPAAbove1.0(x) → AllowedSeminarCourses(x))  
StudentAthlete(James) ∧ ¬AllowedSeminarCourses(James)",117.53652289377288,23.795987580065848,1.202075702075702,0.5177631886721197
"

∀x (StudentAthlete(x) ∧ Division1Football(x) → Enrolled(x))  
∀x (StudentAthlete(x) ∧ Enrolled(x) → GPAAbove1.0(x))  
∀x (StudentAthlete(x) ∧ GPAAbove1.0(x) → AllowedSeminarCourses(x))  
StudentAthlete(James) ∧ ¬AllowedSeminarCourses(James)  
∃x (StudentAthlete(x) ∧ Division1Football(x) ∧ ¬ExerciseEveryDay(x))",117.42620955352858,25.067435593040784,1.1949111857897263,0.5133204338151187
"

1. PlaysAt(n, w)  
2. Member(s, n)  
3. PartOf(n, g)  
4. ∀x ∀g ( (∃o (Member(x, o) ∧ PartOf(o, g))) → Member(x, g) )  
5. ∀x ∀o ∀p ( Member(x, o) ∧ PlaysAt(o, p) → PlaysAt(x, p) )",115.8514225749559,20.28508938751628,1.2049382716049384,0.521133909609767
"

PlaysAt(NorthwichVictoriaFC, WinchamPark)  
Member(SimonHackney, NorthwichVictoriaFC)  
PartOf(NorthwichVictoriaFC, NorthernPremierLeague)  
∀x ∀y ∀z (Member(x, y) ∧ PartOf(y, z) → Member(x, z))  
∀x ∀y ∀z (Member(x, y) ∧ PlaysAt(y, z) → PlaysAtPerson(x, z))",121.50883924441018,24.11414148422434,1.1811873554356207,0.5365736779347745
"

LocatedIn(SR287, Alabama)  
LocatedIn(Alabama, UnitedStates)  
Intersects(US31, SR287)  
Intersects(CR47, SR287)  
∀x ∀y ∀z ((LocatedIn(x, y) ∧ LocatedIn(y, z)) → LocatedIn(x, z))",137.2039157581764,26.225976991740417,1.11595639246779,0.36091654891915825
"

LocatedIn(SR287, Alabama)  
LocatedIn(Alabama, UnitedStates)  
Intersects(US31, SR287)  
Intersects(CR47, SR287)  
∀A,B,C (LocatedIn(A,B) ∧ LocatedIn(B,C) → LocatedIn(A,C))",123.53898315789472,24.345871774464428,1.1553684210526316,0.45034211679640274
"

LocatedIn(SR287, Alabama)  
LocatedIn(Alabama, UnitedStates)  
Intersects(US31, SR287)  
Intersects(CR47, SR287)  
∀A ∀B ∀C ((LocatedIn(A, B) ∧ LocatedIn(B, C)) → LocatedIn(A, C))",128.45842358078602,23.84941577025056,1.1316281971303805,0.4052266530015804
"

∀x (Crew(x) ∧ SitsFacingStern(x) → Propels(x))  
∀x (Crew(x) ∧ Rows(x) → SitsFacingStern(x))  
∀x (Crew(x) → (Rows(x) ∨ Steers(x)))  
∀x (Crew(x) ∧ Steers(x) → InCommand(x))  
∀x (Crew(x) ∧ Steers(x) → (¬CoachPresent → Coaches(x)))  
Crew(Andres)  
(Rows(Andres) ∨ SitsFacingStern(Andres)) → ¬(Propels(Andres) ∧ SitsFacingStern(Andres))",117.09465611406476,24.955683807299504,1.1913968100531658,0.4916936253184542
"

∀x (Crew(x) ∧ SitStern(x) → Propel(x))  
∀x (Crew(x) ∧ Row(x) → SitStern(x))  
∀x (Crew(x) → Row(x) ∨ Steer(x))  
∀x (Crew(x) ∧ Steer(x) → Command(x))  
∀x (Crew(x) ∧ Steer(x) → Coach(x))  
Crew(Andres)  
(Row(Andres) ∨ SitStern(Andres)) → (¬Propel(Andres) ∧ SitStern(Andres))",119.42191881055797,26.462247459980315,1.1650517875041764,0.4661851266679442
"

∀x (Crew(x) ∧ SitFacingStern(x) → CanPropelForward(x))  
∀x (Crew(x) ∧ Rows(x) → SitFacingStern(x))  
∀x (Crew(x) → Rows(x) ∨ Steers(x))  
∀x (Crew(x) ∧ Steers(x) → InCommand(x))  
∀x (Crew(x) ∧ Steers(x) → (¬CoachPresent → Coaches(x)))  
Crew(Andres)  
(Rows(Andres) ∨ SitFacingStern(Andres)) → (¬CanPropelForward(Andres) ∧ SitFacingStern(Andres))",108.5439181880813,22.837882473481855,1.1722356183258698,0.4810863635169094
"

∀x (Percussion(x) → (Idiophone(x) ∨ Membranophone(x)))  
∀x (Idiophone(x) ∧ Percussion(x) → VibratePrimaryBody(x))  
∀x (Membranophone(x) ∧ Percussion(x) → VibrateStretchedMembrane(x))  
∀x (Percussion(x) ∧ VibratePrimaryBody(x) → TuneBySanding(x))  
∀x (Percussion(x) ∧ VibrateStretchedMembrane(x) → TuneByTightening(x))  
∀x (Timpani(x) ∧ Percussion(x) → TuneByTightening(x))  
∀x (Xylophone(x) ∧ Percussion(x) → ¬TuneByTightening(x))  
Percussion(snare) ∧ ((Timpani(snare) ∧ TuneByStanding(snare)) ⊕ (¬Timpani(snare) ∧ ¬TuneByStanding(snare)))",118.5146850345669,22.200370500001938,1.1514843432289548,0.4413886559101524
"

∀x (Percussion(x) → (Idiophone(x) ∨ Membranophone(x)))  
∀x (Percussion(x) ∧ Idiophone(x) → VibratePrimaryBody(x))  
∀x (Percussion(x) ∧ Membranophone(x) → VibrateStretchedMembrane(x))  
∀x (Percussion(x) ∧ VibratePrimaryBody(x) → TuneBySanding(x))  
∀x (Percussion(x) ∧ VibrateStretchedMembrane(x) → TuneByTightening(x))  
∀x (Percussion(x) ∧ Timpani(x) → TuneByTightening(x))  
∀x (Percussion(x) ∧ Xylophone(x) → ¬TuneByTightening(x))  
Percussion(snareDrum) ∧ ((Timpani(snareDrum) ∧ TunedByStanding(snareDrum)) ∨ (¬Timpani(snareDrum) ∧ ¬TunedByStanding(snareDrum)))",125.13539113880233,24.528876326656203,1.1142263759086188,0.37960523844435806
"

∀x (Percussion(x) → (Idiophone(x) ∨ Membranophone(x)))  
∀x (Idiophone(x) ∧ Percussion(x) → VibrateBody(x))  
∀x (Membranophone(x) ∧ Percussion(x) → VibrateMembrane(x))  
∀x (Percussion(x) ∧ VibrateBody(x) → TuneSanding(x))  
∀x (Percussion(x) ∧ VibrateMembrane(x) → TuneTightening(x))  
∀x (Timpani(x) ∧ Percussion(x) → TuneTightening(x))  
∀x (Xylophone(x) ∧ Percussion(x) → ¬TuneTightening(x))  
Percussion(snareDrum) ∧ [(Timpani(snareDrum) ∧ TuneStanding(snareDrum)) ∨ (¬Timpani(snareDrum) ∧ ¬TuneStanding(snareDrum))]",114.41101071536373,22.171706895198213,1.1660126773317234,0.4676988730787453
"

∀x (Percussion(x) → Idiophone(x) ∨ Membranophone(x))  
∀x (Percussion(x) ∧ Idiophone(x) → VibratePrimaryBody(x))  
∀x (Percussion(x) ∧ Membranophone(x) → VibrateStretchedMembrane(x))  
∀x (Percussion(x) ∧ VibratePrimaryBody(x) → TuneBySanding(x))  
∀x (Percussion(x) ∧ VibrateStretchedMembrane(x) → TuneByTightening(x))  
∀x (Timpani(x) ∧ Percussion(x) → TuneByTightening(x))  
∀x (Xylophone(x) ∧ Percussion(x) → ¬TuneByTightening(x))  
Percussion(snare_drum) ∧ ((Timpani(snare_drum) ∧ TunedByStanding(snare_drum)) ∨ (¬Timpani(snare_drum) ∧ ¬TunedByStanding(snare_drum)))",121.47491532577156,23.88236151888586,1.1524663677130045,0.4512284119868728
"

∀x (Percussion(x) → (Idiophone(x) ∨ Membranophone(x)))  
∀x ((Idiophone(x) ∧ Percussion(x)) → VibratePrimaryBody(x))  
∀x ((Membranophone(x) ∧ Percussion(x)) → VibrateStretchedMembrane(x))  
∀x ((Percussion(x) ∧ VibratePrimaryBody(x)) → TuneBySanding(x))  
∀x ((Percussion(x) ∧ VibrateStretchedMembrane(x)) → TuneByTightening(x))  
∀x ((Timpani(x) ∧ Percussion(x)) → TuneByTightening(x))  
∀x ((Xylophone(x) ∧ Percussion(x)) → ¬TuneByTightening(x))  
Percussion(SnareDrum) ∧ ((Timpani(SnareDrum) ∧ TuneByStanding(SnareDrum)) ∨ (¬Timpani(SnareDrum) ∧ ¬TuneByStanding(SnareDrum)))",117.2375309902636,21.912204687731936,1.1548325813345999,0.46257442923414693
"

∀x (OnTable(x) ∧ Unpeeled(x) → NeedsWashing(x))  
∃x (Unripened(x) ∧ OnTable(x))  
∀x (OnTable(x) → (Unpeeled(x) ∨ ServedInBowl(x)))  
OnTable(banana)  
Sliced(banana) ∨ Unpeeled(banana)  
¬(Sliced(banana) ∧ Unripened(banana)) → (¬Sliced(banana) ∧ ¬NeedsWashing(banana))",121.00455972500714,24.379024225392367,1.1695789172156974,0.4892453460135372
"

∀x (OnTable(x) ∧ Unpeeled(x) → NeedsWash(x))  
∃x (OnTable(x) ∧ Unripened(x))  
∀x (OnTable(x) → (Unpeeled(x) ∨ ServedInBowl(x)))  
OnTable(banana)  
Sliced(banana) ∨ Unpeeled(banana)  
¬(Sliced(banana) ∧ Unripened(banana)) → (¬Sliced(banana) ∧ ¬NeedsWash(banana))",118.21337029089175,24.511720563610798,1.1878874582737244,0.4965173616642483
"

∀x (OnTable(x) ∧ Unpeeled(x) → NeedToWash(x))  
∃x (OnTable(x) ∧ Unripened(x))  
∀x (OnTable(x) → (Unpeeled(x) ∨ ServedInBowl(x)))  
OnTable(banana)  
Sliced(banana) ∨ Unpeeled(banana)  
¬(Sliced(banana) ∧ Unripened(banana)) → (¬Sliced(banana) ∧ ¬NeedToWash(banana))",117.51743966640603,24.234676021668548,1.1941621058118321,0.5166877002713768
"

∀x (Fortification(x) → (MilitaryConstruction(x) ∧ DesignedToDefendTerritories(x)))  
MainFortification(BorjMasouda, SfaxMedina)  
In(SfaxMedina, Tunisia)  
∀x (DefensiveWall(x) → Fortification(x))",113.36629885423297,22.861885157476678,1.2148313176320815,0.5316192134378016
"

∀x (Fortification(x) → MilitaryConstruction(x) ∧ DefendsTerritories(x))  
IsMainFortification(BorjMasouda, SfaxMedina)  
LocatedIn(SfaxMedina, Tunisia)  
∀x (DefensiveWall(x) → Fortification(x))",107.77053846153846,20.3380817867545,1.2305161943319838,0.544339603546128
"

∀x (Fortification(x) → (MilitaryConstruction(x) ∧ DefendTerritories(x)))  
Fortification(BorjMasouda)  
InTunisia(SfaxMedina)  
∀x (DefensiveWall(x) → Fortification(x))",122.53393199481866,24.27672222720891,1.1748704663212435,0.4820515406927339
"

∀x (Fortification(x) → (MilitaryConstruction(x) ∧ DefendTerritories(x)))  
Fortification(BorjMasouda)  
Tunisia(SfaxMedina)  
∀x (DefensiveWall(x) → Fortification(x))",111.91963437428767,24.250255255831775,1.1689081376795076,0.46285283733229104
"

Australian(VirginiaLee) ∧ Rower(VirginiaLee)  
CompetesIn(VirginiaLee, SweepOared) ∧ CompetesIn(VirginiaLee, Sculling)  
HomeCity(VirginiaLee, Sydney)  
RepresentedBy(VirginiaLee, NewSouthWales)",109.66881626103238,21.965599862191404,1.2449852901845413,0.5725263603730404
"

Australian(VirginiaLee) ∧ Rower(VirginiaLee)  
CompetedInSweepOared(VirginiaLee) ∧ CompetedInSculling(VirginiaLee)  
HomeCity(VirginiaLee, Sydney)  
Represents(VirginiaLee, NewSouthWales)",111.99409523809524,20.81207749197324,1.2346632346632347,0.5443202344656489
"

Australian(Virginia Lee) ∧ Rower(Virginia Lee)  
CompetedInSweepOared(Virginia Lee) ∧ CompetedInSculling(Virginia Lee)  
HomeCity(Virginia Lee, Sydney)  
Represented(New South Wales, Virginia Lee)",126.28499022426682,24.784505296698775,1.138585393904543,0.41783205096233206
"

∀x (ShopWholeFoods(x) → ¬ShopStopShop(x))  
∀x (Diet(x) → ShopWholeFoods(x))  
∀x ((PackedSchedules(x) ∧ CloseStopShop(x)) → ShopStopShop(x))  
∀x ((AtLeastOneChild(x) ∧ SmallTowns(x)) → (PackedSchedules(x) ∧ CloseStopShop(x)))  
∀x (OnlyChildrenFamily(x) → (AtLeastOneChild(x) ∧ SmallTowns(x)))  
InNeighborhood(Susan) ∧ ((PackedSchedules(Susan) ∧ CloseStopShop(Susan)) → (PackedSchedules(Susan) ∧ CloseStopShop(Susan) ∧ Diet(Susan)))",114.1603039054808,21.481891880332938,1.2033147358057106,0.5176714802458365
"

∀x (W(x) → ¬S(x))  
∀x (D(x) → W(x))  
∀x ((P(x) ∧ L(x)) → S(x))  
∀x ((C(x) ∧ T(x)) → (P(x) ∧ L(x)))  
∀x (O(x) → (C(x) ∧ T(x)))  
H(s) ∧ ((P(s) ∧ L(s)) → D(s))",114.69859790505151,21.540995292427386,1.1782395674945092,0.4823208758883143
"

∀x (Drinks(x) → Dependent(x))  
∀x (Drinks(x) ⊕ Jokes(x))  
∀x (Jokes(x) → ¬Unaware(x))  
(Student(rina) ∧ Unaware(rina)) ⊕ ¬(Student(rina) ∨ Unaware(rina))  
¬(Dependent(rina) ∧ Student(rina)) → (Dependent(rina) ∧ Student(rina)) ⊕ ¬(Dependent(rina) ∨ Student(rina))  
∀x (W(x) → ¬S(x))  
∀x (D(x) → W(x))  
∀x ((P(x) ∧ L(x)) → S(x))  
∀x ((C(x) ∧ T(x)) → (P(x) ∧ L(x)))  
∀x (O(x) → (C(x) ∧ T(x)))  
(P(Susan) ∧ L(Susan)) → D(Susan)",113.26163186719153,22.078639563106716,1.209139140852302,0.5114522734456736
"

∀x ( (Vegan(x) ∨ Vegetarian(x)) → (¬EatsMeat(x) ∧ ¬EatsFish(x)) )  
∀x (Vegan(x) → ∀y (ProductFromAnimal(y) → ¬Eats(x, y)) )  
∃x (Vegetarian(x) ∧ Eats(x, Eggs) )  
ProductFromAnimal(Eggs) ∧ ProductFromAnimal(Milk) ∧ ProductFromAnimal(Honey)  
∃x (Vegan(x) ∧ GoodForHealth(x) )",110.40168635138447,22.10457605319939,1.2207792207792207,0.5280836260651235
"

∀x ((Vegan(x) ∨ Vegetarian(x)) → ∀y (Eat(x, y) → ¬Meat(y) ∧ ¬Fish(y)))  
∀x (Vegan(x) → ∀y (AnimalProduct(y) → ¬Eat(x, y)))  
∃x (Vegetarian(x) ∧ Eat(x, eggs))  
AnimalProduct(eggs) ∧ AnimalProduct(milk) ∧ AnimalProduct(honey)  
∃x (GoodForHealth(x))",109.32272099202834,21.10468059730732,1.2203277236492471,0.5487270709146006
"

∀x (Vegan(x) → ∀y (Eat(x, y) → ¬Meat(y) ∧ ¬Fish(y))) ∧ ∀x (Vegetarian(x) → ∀y (Eat(x, y) → ¬Meat(y) ∧ ¬Fish(y)))  
∀x (Vegan(x) → ∀y (ProductFromAnimals(y) → ¬Eat(x, y)))  
∃x (Vegetarian(x) ∧ Eat(x, Eggs))  
ProductFromAnimals(Eggs) ∧ ProductFromAnimals(Milk) ∧ ProductFromAnimals(Honey)  
∃x (Vegan(x) ∧ GoodForHealth(x))",110.31129888599195,21.55900512785534,1.207869163308841,0.5135515403426668
"

∀x (PublishedInLab(x) → HasAbstract(x))  
∀x (PublishedInLab(x) → (ScienceJournal(x) ∨ CellPressJournal(x)))  
∀x (ScienceJournal(x) ∧ PublishedInLab(x) → ProminentPublication(x))  
∀x (ScienceJournal(x) ∧ PublishedInLab(x) → RequiresPeerReviews(x))  
∀x (ProminentPublication(x) ∧ PublishedInLab(x) → ¬EasilyAccepted(x))  
(ScienceJournal(PublicationA) ∧ CellPressJournal(PublicationA)) ∨ ¬(ScienceJournal(PublicationA) ∨ CellPressJournal(PublicationA))",115.75162463653186,22.948240896181538,1.189796457837695,0.5042054553749425
"

∀x (P(x) → A(x))  
∀x (P(x) → (S(x) ∨ C(x)))  
∀x (P(x) ∧ S(x) → Prominent(x))  
∀x (P(x) ∧ S(x) → R(x))  
∀x (P(x) ∧ Prominent(x) → ¬E(x))  
(S(Q) ∧ C(Q)) ∨ (¬S(Q) ∧ ¬C(Q))",111.29320997796032,19.289477714466067,1.1893408134642356,0.47877676970236493
"

∀x (PublishedInLab(x) → Abstract(x))  
∀x (PublishedInLab(x) → ScienceJournal(x) ∨ CellPressJournal(x))  
∀x (ScienceJournal(x) ∧ PublishedInLab(x) → Prominent(x))  
∀x (ScienceJournal(x) ∧ PublishedInLab(x) → PeerReview(x))  
∀x (Prominent(x) ∧ PublishedInLab(x) → ¬EasilyAccepted(x))  
(ScienceJournal(T) ∧ CellPressJournal(T)) ∨ (¬ScienceJournal(T) ∧ ¬CellPressJournal(T))",114.70049410503749,21.551729915202948,1.1543408360128617,0.4599442153766748
"

∀x (Available(x, C) → Released(x, NA))  
∀x (CanBuy(x, J) → Released(x, J))  
Available(FPP, C) ∧ CanBuy(FPP, J)  
Released(FPP, NA) ∨ Released(FPP, J)  
∃x (Released(x, J) ∧ ForWii(x))",133.74842761904762,24.942021513540237,1.1,0.3579039509354962
"

1. ReleasedIn(FamilyPirateParty, NorthAmerica) ∨ ReleasedIn(FamilyPirateParty, Japan)  
2. ∀G (AvailableIn(G, Canada) → ReleasedIn(G, NorthAmerica))  
3. ∀G (CanBuyIn(G, Japan) → ReleasedIn(G, Japan))  
4. AvailableIn(FamilyPirateParty, Canada) ∧ CanBuyIn(FamilyPirateParty, Japan)  
5. ∃G (ReleasedIn(G, Japan) ∧ ForPlatform(G, Wii))",118.43828135274778,24.515093561594057,1.2052606857679662,0.5060930208551485
"

∀x (AvailableIn(x, Canada) → ReleasedIn(x, NorthAmerica))  
∀x (CanBuyIn(x, Japan) → ReleasedIn(x, Japan))  
AvailableIn(FamilyPirateParty, Canada) ∧ CanBuyIn(FamilyPirateParty, Japan)  
ReleasedIn(FamilyPirateParty, NorthAmerica) ∨ ReleasedIn(FamilyPirateParty, Japan)  
∃x (ReleasedIn(x, Japan) ∧ ForWii(x))",131.79550922509225,25.723923798339094,1.1350553505535055,0.42978143492613186
"

1. Released(Family Pirate Party, North America) ∨ Released(Family Pirate Party, Japan)  
2. ∀x (Available(x, Canada) → Released(x, North America))  
3. ∀x (CanBuy(x, Japan) → Released(x, Japan))  
4. Available(Family Pirate Party, Canada) ∧ CanBuy(Family Pirate Party, Japan)  
5. ∃x (Released(x, Japan) ∧ ForWii(x))",123.29085865191148,24.060899898574366,1.141348088531187,0.4045025680098056
"

∀x (PartOf(x, IELTS) → (x = Reading ∨ x = Listening ∨ x = Writing ∨ x = Speaking))  
∀x (Mode(IE, x) → (x = Paper ∨ x = Computer))  
∀x (DoPart(Speaking, IELTS) → Interview(FaceToFace))  
∀x (Mode(IE, Computer) → (DoPart(Reading, IELTS) ∧ DoPart(Listening, IELTS) ∧ DoPart(Writing, IELTS) ∧ Use(Computer)))  
∀x (Mode(IE, Paper) → (DoPart(Reading, IELTS) ∧ DoPart(Listening, IELTS) ∧ DoPart(Writing, IELTS) ∧ Use(Paper)))  
∀x (Interview(FaceToFace) → ¬Use(Computer) ∧ ¬Use(Paper))",105.57287743271222,19.61865409705794,1.2146997929606624,0.5338163537432763
"

∀x (PartOf(x, IELTS) → (x = Reading ∨ x = Listening ∨ x = Writing ∨ x = Speaking))  
∀x (TakenOn(IELTS, x) → (x = Paper ∨ x = Computer))  
∀x (TakenOn(IELTS, Computer) → (DoneOnComputer(Reading) ∧ DoneOnComputer(Listening) ∧ DoneOnComputer(Writing)))  
∀x (TakenOn(IELTS, Paper) → (DoneOnPaper(Reading) ∧ DoneOnPaper(Listening) ∧ DoneOnPaper(Writing)))  
∀x (PartOf(Speaking, IELTS) → Interview)  
∀x (Interview → ¬UsedComputer ∧ ¬UsedPaper)",97.39170128205129,16.977491258386788,1.201048951048951,0.5125682124644187
"

∀x (PartOf(x, IELTS) → (x = Reading ∨ x = Listening ∨ x = Writing ∨ x = Speaking))  
TakenOn(IELTS, paper) ∨ TakenOn(IELTS, computer)  
SpeakingPart → FaceToFaceInterview  
TakenOn(IELTS, computer) → (ReadingPart ∧ ListeningPart ∧ WritingPart)  
TakenOn(IELTS, paper) → (ReadingPart ∧ ListeningPart ∧ WritingPart)  
FaceToFaceInterview → (¬ComputerUsed ∧ ¬PaperUsed)",104.16553778276914,18.92840604652471,1.203754211455158,0.5084292133158598
"

∀x (Android(x) ∨ Apple(x))  
∀x (Android(x) → ¬AppleEcosystem(x))  
∀x (AppleEcosystem(x) ∨ ¬ManyAppleProducts(x))  
∀x (¬ManyAppleProducts(x) → Customization(x))  
Apple(Chen) ∨ Customization(Chen)",133.05875053304905,26.44064800775432,1.1414356787491116,0.4435867730800222
"

∀x (Android(x) ∨ Apple(x))  
∀x (Android(x) → ¬AppleEco(x))  
∀x (AppleEco(x) ∨ ¬ManyAppleProducts(x))  
∀x (¬ManyAppleProducts(x) → Customization(x))  
Apple(Chen) ∨ Customization(Chen)",121.92634487666034,23.851529565839407,1.168406072106262,0.44274450486202577
"

∀x (Android(x) ∨ Apple(x))  
∀x (Android(x) → ¬AppleEco(x))  
∀x (AppleEco(x) ∨ ¬ManyAppleProducts(x))  
∀x (¬ManyAppleProducts(x) → Customization(x))  
Apple(Chen) ∨ Customization(Chen)",118.06387016369048,23.94454757836887,1.2072172619047619,0.5399170409707384
"

∀x (Android(x) ∨ Apple(x))  
∀x (Android(x) → ¬AppleEcosystem(x))  
∀x (AppleEcosystem(x) ∨ ¬UsesManyAppleProducts(x))  
∀x (¬UsesManyAppleProducts(x) → CaresAboutCustomization(x))  
Apple(Chen) ∨ CaresAboutCustomization(Chen)",116.8601990349819,22.703498977418498,1.2175311620426217,0.5400396273323289
"

∀x (Android(x) ∨ Apple(x))  
∀x (Android(x) → ¬AppleEco(x))  
∀x (AppleEco(x) ∨ ¬UsesAppleProducts(x))  
∀x (¬UsesAppleProducts(x) → CaresCustomization(x))  
Apple(Chen) ∨ CaresCustomization(Chen)",119.53448989898989,23.653276202199578,1.1826599326599327,0.49608127203306956
"

∀x (Android(x) ∨ AppleUser(x))  
∀x (Android(x) → ¬AppleEcosystem(x))  
∀x (AppleEcosystem(x) ∨ ¬ManyAppleProducts(x))  
∀x (¬ManyAppleProducts(x) → Customization(x))  
AppleUser(Chen) ∨ Customization(Chen)",130.52447781350483,25.29827025499024,1.1106109324758842,0.36306565323940104
"

∀x (Android(x) ∨ Apple(x))  
∀x (Android(x) → ¬AppleEcosystem(x))  
∀x (AppleEcosystem(x) ∨ ¬UsesAppleProducts(x))  
∀x (¬UsesAppleProducts(x) → CaresCustomization(x))  
Apple(Chen) ∨ CaresCustomization(Chen)",124.95710556511762,24.97382855293248,1.1703958691910499,0.48286320153852413
"

∀x ( (Makes(x, glitch) ∨ Makes(x, minimal techno) ∨ Makes(x, microhouse)) → Electronic(x) )  
Publishes(Jan Jelinek, Faitiche)  
∀x ( ∃y (Publishes(x, y)) → Signed(x) )  
Makes(Jan Jelinek, glitch) ∧ Makes(Jan Jelinek, minimal techno)",108.07966630930045,20.20384799479342,1.2398820691503618,0.5474791889854193
"

∀x (Makes(x, glitch) ∨ Makes(x, minimal techno) ∨ Makes(x, microhouse) → ElectronicMusician(x))  
∀x (ElectronicMusician(x) ∧ Publishes(x, label) → SignedMusician(x))  
Makes(j, glitch) ∧ Makes(j, minimal techno)  
Publishes(j, Faitiche)",110.79281442715701,20.030449745503642,1.2065063649222065,0.5203769587886554
"

∀x ( (Makes(x, glitch) ∨ Makes(x, minimalTechno) ∨ Makes(x, microhouse)) → ElectronicMusician(x))  
∀x (ElectronicMusician(x) ∧ ReleasesThroughLabel(x, label) → SignedMusician(x))  
Makes(JanJelinek, glitch) ∧ Makes(JanJelinek, minimalTechno)  
PublishesThroughLabel(JanJelinek, Faitiche)",109.54682035928144,19.40195202977739,1.2161302395209581,0.5360104296023144
"

∀x (Pasifika(x) → ¬Asian(x))  
∀x (Pasifika(x) → SpeaksSamoa(x))  
Pasifika(joe)  
SpeaksSamoa(amy)",112.85063820985332,22.32328456356476,1.250470101541933,0.5717384770921858
"

∀x (IsPasifika(x) → ¬IsAsian(x))  
∀x (IsPasifika(x) → SpeaksSamoa(x))  
IsPasifika(joe)  
SpeaksSamoa(amy)",107.63962511563368,20.750999846375183,1.2275670675300647,0.5449443880915668
"

∀x (Pasifika(x) → ¬Asian(x))  
∀x (Pasifika(x) → SpeaksSamoa(x))  
Pasifika(joe)  
SpeaksSamoa(amy)",110.71675109529023,22.44986984424972,1.2647864184008761,0.571539190596132
"

∀x (P(x) → ¬A(x))  
∀x (P(x) → S(x))  
P(joe)  
S(amy)",110.27564450127878,21.639159035682308,1.2494768658451523,0.5772787147236147
"

∀x (Snake(x) → Reptile(x))  
∀x (Reptile(x) → ¬HasFeathers(x))",123.60332679738563,25.84772519123306,1.1977124183006536,0.48688149533472785
"

∃x (EatsProteinBars(x))  
∀x (PrefersRunning(x) ⊕ PrefersWeightlifting(x))  
∀x (PrefersRunning(x) → FocusesEndurance(x))  
∀x (FocusesBuildingMuscle(x) → ¬Inactive(x))  
∀x (PrefersWeightlifting(x) → FocusesBuildingMuscle(x))  
¬(FocusesBuildingMuscle(lily) ∨ Active(lily))",119.08532104853361,25.02407953423364,1.2060731897222943,0.5236126695453507
"

∀x (EatsProteinBars(x))  
∀x (PreferRunning(x) ∨ PreferWeightlifting(x))  
∀x (PreferRunning(x) → WorkoutsEndurance(x))  
∀x (WorkoutsBuildingMuscle(x) → ¬Inactive(x))  
∀x (PreferWeightlifting(x) → WorkoutsBuildingMuscle(x))  
¬(WorkoutsBuildingMuscle(Lily) ∨ Active(Lily))",119.95246492659055,25.225812413980726,1.2251223491027732,0.5559013312520427
"

∃x (EatsProteinBars(x))  
∀x (PrefersRunning(x) ∨ PrefersWeightlifting(x))  
∀x (PrefersRunning(x) → WorkoutsFocusEndurance(x))  
∀x (WorkoutsFocusBuildingMuscle(x) → ¬Inactive(x))  
∀x (PrefersWeightlifting(x) → WorkoutsFocusBuildingMuscle(x))  
¬(WorkoutsFocusBuildingMuscle(Lily) ∨ Active(Lily))",127.72954653603918,26.287310170434132,1.146256123163051,0.4492684904689925
"

∀x (Animal(x) → CanBreathe(x))  
∀x (Rock(x) → ¬CanBreathe(x))  
∀x (Mammal(x) → Animal(x))  
∀x (Dog(x) → Mammal(x))  
∀x (Corgi(x) → Dog(x))  
Animal(Bobby) ∨ Corgi(Bobby)",127.03767099286178,27.173668911283595,1.1933809214795588,0.5369974963592483
"

∀x (Animal(x) → CanBreathe(x))  
∀x (Rock(x) → ¬CanBreathe(x))  
∀x (Mammal(x) → Animal(x))  
∀x (Dog(x) → Mammal(x))  
∀x (Corgi(x) → Dog(x))  
Animal(Bobby) ∨ Corgi(Bobby)",132.66528925619835,27.00098389134537,1.1277813095994915,0.4153108784130603
"

∀x (Animal(x) → CanBreathe(x))  
∀x (Rock(x) → ¬CanBreathe(x))  
∀x (Mammal(x) → Animal(x))  
∀x (Dog(x) → Mammal(x))  
∀x (Corgi(x) → Dog(x))  
Animal(Bobby) ∨ Corgi(Bobby)",127.53393907692309,28.32962224630682,1.1796923076923076,0.4690611547164243
"

∀x (RunFar(x) ∧ NavigateMap(x) → ParticipateOrienteering(x))  
∀x (Fit(x) → RunFar(x))  
∀x (GoodDirection(x) → UseMap(x))  
∀x (MilitaryOfficer(x) → Fit(x))  
MilitaryOfficer(Hailee) ∧ GoodDirection(Hailee)  
¬MilitaryOfficer(Karl) ∧ UseMap(Karl)",123.92381099500226,24.61423525828115,1.1603816447069515,0.4758527482227206
"

∀x (RunFar(x) ∧ Navigate(x) → Participate(x))  
∀x (Fit(x) → RunFar(x))  
∀x (SenseDirection(x) → UseMap(x))  
∀x (MilitaryOfficer(x) → Fit(x))  
MilitaryOfficer(Hailee) ∧ SenseDirection(Hailee)  
¬MilitaryOfficer(Karl) ∧ UseMap(Karl)",136.43205877034356,26.999169532020577,1.0958408679927667,0.4032428091160057
"

∀x (Animal(x) ∧ InNationalParks(x) ∧ OriginatedFromNorthAmerica(x))  
∀x (Endangered(x) → ProtectedByESA(x))  
∀x (ProtectedByESA(x) → ¬AllowedToBeHunted(x))  
∀x (CanBeSoldInPublicMarketplace(x) → ¬AllowedToBeHunted(x))  
Endangered(baldEagle) ∨ ¬AllowedToBeHunted(baldEagle)",115.75615238436716,21.887355400279766,1.2025815704553604,0.5138949241599369
"

∀x (Animal(x) ∧ InNationalParks(x) ∧ OriginatedFromNorthAmerica(x))  
∀x (Endangered(x) → ProtectedByEndangeredSpeciesAct(x))  
∀x (ProtectedByEndangeredSpeciesAct(x) → ¬AllowedToBeHunted(x))  
∀x (CanBeSoldInPublicMarketplace(x) → ¬AllowedToBeHunted(x))  
Endangered(baldEagle) ∨ ¬AllowedToBeHunted(baldEagle)",118.93225758059369,24.69992820287744,1.1918289179699968,0.5090031502125295
"

∀x (Endangered(x) → ProtectedByESA(x))  
∀x (ProtectedByESA(x) → ¬AllowedToBeHunted(x))  
∀x (CanBeSoldInMarketplace(x) → ¬AllowedToBeHunted(x))  
∃x (OriginatesFromNorthAmerica(x))  
Endangered(baldEagle) ∨ ¬AllowedToBeHunted(baldEagle)",113.92803698332125,22.04393870843695,1.2119893642736281,0.5256498740349954
"

∀x (Endangered(x) → ProtectedByESA(x))  
∀x (ProtectedByESA(x) → ¬AllowedToBeHunted(x))  
∀x (CanBeSoldInPublicMarketplace(x) → ¬AllowedToBeHunted(x))  
∃x (Animal(x) ∧ InNationalParks(x) ∧ OriginatesFrom(x, NorthAmerica))  
Endangered(baldEagle) ∨ ¬AllowedToBeHunted(baldEagle)",114.17878525264393,22.544036820640475,1.2288484136310223,0.53785246847452
"

1. Member(ETB2, EIT)  
2. LocatedIn(ETB2, BasqueAutonomousCommunity) ∧ LocatedIn(ETB2, Navarre) ∧ LocatedIn(ETB2, FrenchBasqueCountry)  
3. BroadcastLanguage(ETB2, Spanish)  
4. ∀x (HasReceptionArea(x) → ∀L (In(L, ReceptionArea(x)) → AccessibleFrom(x, L)))  
5. HasReceptionArea(ETB2) ∧ ∀L (In(L, BasqueCountry) → AccessibleFrom(ETB2, L))  
6. ∀L (In(L, BasqueAutonomousCommunity) → In(L, BasqueCountry)) ∧ ∀L (In(L, Navarre) → In(L, BasqueCountry)) ∧ ∀L (In(L, FrenchBasqueCountry) → In(L, BasqueCountry))",111.16200060277275,20.42856290020841,1.1742013261000603,0.4967176671735244
"

1. GroupOf(ETB2, EuskalIrratiTelebista)  
2. LocatedIn(ETB2, BasqueAutonomousCommunity) ∧ LocatedIn(ETB2, Navarre) ∧ LocatedIn(ETB2, FrenchBasqueCountry)  
3. BroadcastsIn(ETB2, Spanish)  
4. ∀x (HasReceptionArea(x) → ∀y (InReceptionArea(x, y) → CanAccess(x, y)))  
5. ∀y (InReceptionArea(ETB2, y) ↔ InBasqueCountry(y))  
6. InBasqueCountry(BasqueAutonomousCommunity) ∧ InBasqueCountry(Navarre) ∧ InBasqueCountry(FrenchBasqueCountry)",122.666916614024,22.581611775267845,1.1234996841440303,0.42827705161925017
"

BornIn(josephKmak, Napa)  
ProfessionalBaseballPlayer(josephKmak)  
∀x (ProfessionalBaseballPlayer(x) → PlayInMLB(x))  
∀x (BornInCalifornia(x) → American(x))  
∀x (American(x) → ¬German(x))",119.19533053515214,24.877131419541584,1.2084644980762504,0.5528251581876523
"

BornIn(JosephKmak, Napa)  
ProfessionalBaseballPlayer(JosephKmak)  
∀x (ProfessionalBaseballPlayer(x) → PlayInMLB(x))  
∀x (BornInCalifornia(x) → American(x))  
∀x (American(x) → ¬German(x))",124.47256603119584,24.184441912174698,1.163258232235702,0.4476417593953756
"

BornIn(josephKmak, Napa)  
ProfessionalBaseballPlayer(josephKmak)  
∀x (ProfessionalBaseballPlayer(x) → PlayInMLB(x))  
∀x (BornInCalifornia(x) → American(x))  
∀x (American(x) → ¬German(x))",119.53645246085011,24.443102154575534,1.1963087248322148,0.4835641107526422
"

British(AndrewWilson) ∧ Historian(AndrewWilson) ∧ PoliticalScientist(AndrewWilson)  
∀x (Country(x) ∧ InEasternEurope(x) → SpecializesIn(AndrewWilson, x))  
InEasternEurope(Poland)  
BornIn(AndrewWilson, Britain)  
¬InEasternEurope(Britain)",106.38111735036986,20.37865131623641,1.2572293207800942,0.5489549800687752
"

Historian(AndrewWilson) ∧ PoliticalScientist(AndrewWilson) ∧ British(AndrewWilson)  
∀y (Country(y) ∧ InEasternEurope(y) → SpecializesIn(AndrewWilson, y))  
InEasternEurope(Poland)  
BornIn(AndrewWilson, Britain)  
¬InEasternEurope(Britain)",116.52512586719526,24.112131462688016,1.2329038652130822,0.5354319798346553
"

∀x (Historian(AndrewWilson) ∧ PoliticalScientist(AndrewWilson))  
∀x (InEasternEurope(x) → SpecializesIn(AndrewWilson, x))  
InEasternEurope(Poland)  
BornIn(AndrewWilson, Britain)  
¬InEasternEurope(Britain)",110.32922295208654,21.859807721423422,1.2557959814528594,0.5492242176200238
"

British(Andrew) ∧ Historian(Andrew) ∧ PoliticalScientist(Andrew)  
∀x (InEasternEurope(x) → SpecializesIn(Andrew, x))  
InEasternEurope(Poland)  
BornIn(Andrew, Britain)  
¬InEasternEurope(Britain)",110.70774840165475,21.899534655051813,1.2312899586310644,0.5306536856805236
"

∀x ((Honored(x) ∧ Discharged(x)) → ¬ActiveMilitary(x))  
∀x ((Veteran(x) ∧ Honored(x)) → Discharged(x))  
∀x (Honored(x) → (ActiveMilitary(x) ∨ ActiveMarines(x)))  
∀x ((Honored(x) ∧ ActiveMarines(x)) → CapableGround(x))  
∀x ((Honored(x) ∧ ActiveMarines(x)) → CapableNaval(x))  
Honored(Luca) ∧ (Discharged(Luca) ∨ Veteran(Luca))  
(Discharged(Spencer) ∧ Veteran(Spencer)) ⊕ (¬Discharged(Spencer) ∧ ¬Veteran(Spencer))",126.64287579714545,25.042875335334394,1.1393865775888248,0.4286369050632995
"

∀x (Honored(x) ∧ Discharged(x) → ¬ActivelyServingMilitary(x))  
∀x (Veteran(x) ∧ Honored(x) → Discharged(x))  
∀x (Honored(x) → (ActivelyServingMilitary(x) ∨ ActivelyServingMarines(x)))  
∀x (Honored(x) ∧ ActivelyServingMarines(x) → CapableGroundCombat(x))  
∀x (Honored(x) ∧ ActivelyServingMarines(x) → CapableNavalCombat(x))  
Honored(Luca) ∧ (Discharged(Luca) ∨ Veteran(Luca))  
(Discharged(Spencer) ∧ Veteran(Spencer)) ∨ (¬Discharged(Spencer) ∧ ¬Veteran(Spencer))",129.19267996011965,26.11852729615335,1.119641076769691,0.41608136186156114
"

∀x (Honored(x) ∧ Discharged(x) → ¬ActivelyServingMilitary(x))  
∀x (Veteran(x) ∧ Honored(x) → Discharged(x))  
∀x (Honored(x) → (ActivelyServingMilitary(x) ∨ ActivelyServingMarines(x)))  
∀x (Honored(x) ∧ ActivelyServingMarines(x) → CapableGroundCombat(x))  
∀x (Honored(x) ∧ ActivelyServingMarines(x) → CapableNavalCombat(x))  
Honored(Luca) ∧ (Discharged(Luca) ∨ Veteran(Luca))  
(Discharged(Spencer) ∧ Veteran(Spencer)) ⊕ ¬(Discharged(Spencer) ∨ Veteran(Spencer))",119.390699756691,23.787793295142638,1.1771289537712895,0.48406483490625785
"

∀x (H(x) ∧ Discharged(x) → ¬ActiveMilitary(x))  
∀x (H(x) ∧ Veteran(x) → Discharged(x))  
∀x (H(x) → (ActiveMilitary(x) ∨ ActiveMarines(x)))  
∀x (H(x) ∧ ActiveMarines(x) → CapableGround(x))  
∀x (H(x) ∧ ActiveMarines(x) → CapableNaval(x))  
H(Luca) ∧ (Discharged(Luca) ∨ Veteran(Luca))  
(Discharged(Spencer) ∧ Veteran(Spencer)) ⊕ (¬Discharged(Spencer) ∧ ¬Veteran(Spencer))",123.5700847826087,24.513522582352973,1.1502717391304347,0.4591756934575183
"

∀x ( (Honored(x) ∧ Discharged(x)) → ¬ActivelyServingMilitary(x) )  
∀x ( (Veteran(x) ∧ Honored(x)) → Discharged(x) )  
∀x ( Honored(x) → (ActivelyServingMilitary(x) ∨ ActivelyServingMarines(x)) )  
∀x ( (Honored(x) ∧ ActivelyServingMarines(x)) → CapableGroundCombat(x) )  
∀x ( (Honored(x) ∧ ActivelyServingMarines(x)) → CapableNavalCombat(x) )  
Honored(Luca) ∧ (Discharged(Luca) ∨ Veteran(Luca))  
(Discharged(Spencer) ∧ Veteran(Spencer)) ⊕ (¬Discharged(Spencer) ∧ ¬Veteran(Spencer))",125.28904145244215,25.15250197085465,1.1491002570694087,0.4544896996860947
"

∀x (Student(x) ∧ Registered(x) → Invited(x))  
∀x (Student(x) ∧ AttendInPerson(x) → Registered(x))  
∀x (Student(x) → (AttendInPerson(x) ∨ AttendRemote(x)))  
∀x (InChina(x) ∧ Student(x) → ¬AttendRemote(x))  
¬AttendRemote(James) ∧ ¬Presented(James)  
Student(Jack) ∧ (InChina(Jack) ∨ Registered(Jack))",129.59033115338883,24.994786366117246,1.0915576694411415,0.3360080038629539
"

∀x (Student(x) ∧ Registered(x) → Invited(x))  
∀x (Student(x) ∧ AttendInPerson(x) → Registered(x))  
∀x (Student(x) → AttendInPerson(x) ⊕ AttendRemote(x))  
∀x (Student(x) ∧ InChina(x) → ¬AttendRemote(x))  
¬AttendRemote(james) ∧ ¬Present(james)  
Student(jack) ∧ (InChina(jack) ∨ Registered(jack))",122.68625018559761,26.119377325518677,1.1870824053452116,0.5030384543969613
"

∀x (Student(x) ∧ Registered(x) → Invited(x))  
∀x (Student(x) ∧ AttendInPerson(x) → Registered(x))  
∀x (Student(x) → AttendInPerson(x) ∨ AttendRemote(x))  
∀x (InChina(x) ∧ Student(x) → ¬AttendRemote(x))  
¬AttendRemote(James) ∧ ¬Present(James)  
Student(Jack) ∧ (InChina(Jack) ∨ Registered(Jack))",118.82667767960046,23.754351090107495,1.1763349980791395,0.47449843542985914
"

∀x (Student(x) ∧ Registered(x) → Invited(x))  
∀x (Student(x) ∧ AttendInPerson(x) → Registered(x))  
∀x (Student(x) → AttendInPerson(x) ∨ AttendRemote(x))  
∀x (Student(x) ∧ InChina(x) → ¬AttendRemote(x))  
¬AttendRemote(james) ∧ ¬Present(james)  
Student(jack) ∧ (InChina(jack) ∨ Registered(jack))",119.3805825944937,25.16300769095626,1.1976201586560895,0.5214967613061445
"

∀x (Student(x) ∧ Registered(x) → Invited(x))  
∀x (Student(x) ∧ AttendsInPerson(x) → Registered(x))  
∀x (Student(x) → (AttendsInPerson(x) ∨ AttendsRemotely(x)))  
∀x (Student(x) ∧ InChina(x) → ¬AttendsRemotely(x))  
¬AttendsRemotely(James) ∧ ¬Presented(James)  
Student(Jack) ∧ (InChina(Jack) ∨ Registered(Jack))",121.45267241379308,23.206739170731783,1.1668103448275862,0.4923747856543397
"

∀x (Selected(x) → ¬LedByTwo(x))  
∀x (Unfinished(x) → LedByTwo(x))  
∀x (¬Presented(x) → Unfinished(x))  
∀x (¬FinalGrade(x) → ¬Presented(x))  
¬FinalGrade(s) ∨ ¬Selected(s)",127.7273594548552,24.95307252853083,1.1533219761499147,0.43589840547714154
"

∀x (Selected(x) → ¬LedByTwo(x))  
∀x (Unfinished(x) → LedByTwo(x))  
∀x (¬Presented(x) → Unfinished(x))  
∀x (¬ReceivedGrade(x) → ¬Presented(x))  
¬ReceivedGrade(sustainable) ∨ ¬Selected(sustainable)",127.0795374479889,25.497710338455857,1.1553398058252426,0.5300955632417772
"

∀x (Selected(x) → ¬LedByTwo(x))  
∀x (Unfinished(x) → LedByTwo(x))  
∀x (¬Presented(x) → Unfinished(x))  
∀x (¬ReceivedGrade(x) → ¬Presented(x))  
¬ReceivedGrade(s) ∨ ¬Selected(s)",125.67614092409241,25.755504330795112,1.1564356435643564,0.4799097498180886
"

1. OnlineMagazine(TangentOnline) ∧ LaunchedOnWebIn1997(TangentOnline)  
2. PrintIssue(FirstIssue(TangentOnline)) ∧ LaunchedIn1993(FirstIssue(TangentOnline))  
3. CoversReviews(TangentOnline, SciFiAndFantasyShortFiction)  
4. Provides(TangentOnline, ClassicInterviews) ∧ Provides(TangentOnline, Articles) ∧ Provides(TangentOnline, Editorials)",111.58801963004908,19.782151507950175,1.226878067195168,0.5442469217383851
"

1. OnlineMagazine(tangent_online) ∧ LaunchedOnWeb(tangent_online, 1997)  
2. PrintIssue(first_issue) ∧ LaunchedInYear(first_issue, 1993) ∧ FirstIssue(first_issue, tangent_online)  
3. CoversReviews(tangent_online, science_fiction) ∧ CoversReviews(tangent_online, fantasy)  
4. Provides(tangent_online, interviews) ∧ Provides(tangent_online, articles) ∧ Provides(tangent_online, editorials)",109.49592083333333,19.76909649720614,1.233974358974359,0.535052932305
"

∀x (LaunchedOnWeb(x, 1997) ∧ Online(x))  
∃x (PrintIssue(x) ∧ LaunchedIn(x, 1993) ∧ PartOf(x, TangentOnline))  
∀x (Online(x) → (Covers(x, Reviews) ∧ Covers(x, ScienceFiction) ∧ Covers(x, FantasyShortFiction)))  
∀x (Online(x) → (Provides(x, ClassicInterviews) ∧ Provides(x, Articles) ∧ Provides(x, Editorials)))",110.7575447241564,20.461833637396907,1.2431708623460096,0.5395947756952794
"

1. AmericanFilm(windIsWatching)  
2. ProducedIn(windIsWatching, Ohio)  
3. ∃x (AmericanFilm(x) ∧ Dystopian(x))  
4. DirectedBy(windIsWatching, Faraj) ∧ DirectedBy(windIsWatching, Cook)  
5. ∀x (DirectedBy(x, Faraj) → SmallBudget(x))  
6. ∀x (ProducedIn(x, Ohio) ∧ SmallBudget(x) → HardToAccessCopies(x))",126.95625000000001,24.854165658701653,1.1346476510067114,0.4156028329744173
"

1. American(W)  
2. ProducedIn(W, Ohio)  
3. ∃x (American(x) ∧ Dystopian(x))  
4. DirectedBy(W, Faraj) ∧ DirectedBy(W, Cook)  
5. ∀x (DirectedBy(x, Faraj) → SmallBudget(x))  
6. ∀x ((ProducedIn(x, Ohio) ∧ SmallBudget(x)) → HardToAccess(x))",120.226064074874,21.512973417337587,1.1706263498920086,0.4413487697450885
"

American(wind)  
ProducedIn(wind, Ohio)  
∃x (American(x) ∧ Dystopian(x))  
DirectedBy(wind, Faraj) ∧ DirectedBy(wind, Cook)  
∀x (DirectedBy(x, Faraj) → SmallBudget(x))  
∀x (ProducedIn(x, Ohio) ∧ SmallBudget(x) → HardToAccess(x))",129.9682361516035,24.456330632217444,1.1333819241982508,0.415261963643163
"

∀x (Flower(x) → ¬Animal(x))  
∀x (Flower(x) → Plant(x))",118.58816686819831,22.093982656404208,1.2059653365578396,0.5211185815004721
"

∀A ∀B ∀C (Anagram(A,B) ∧ Anagram(B,C) → Anagram(A,C))  
Anagram(""pots"", ""stop"")  
¬Anagram(""pots"", ""sport"") ∧ Anagram(""pots"", ""spot"")  
Anagram(""tops"", ""post"") ∧ Anagram(""spot"", ""opts"")  
∀W (ContainsOnlyLetters(W, {s, p, o, t}) → Anagram(W, ""tops""))  
ContainsOnlyLetters(""opts"", {s, p, o, t})  
ContainsOnlyLetters(""sport"", {s, p, o, t})",122.86487705998682,24.811600503345637,1.1806196440342782,0.5014877125745834
"

∀x ∀y ∀z (Anagram(x, y) ∧ Anagram(y, z) → Anagram(x, z))  
Anagram(""pots"", ""stop"")  
¬Anagram(""pots"", ""sport"")  
Anagram(""pots"", ""spot"")  
Anagram(""tops"", ""post"")  
Anagram(""spot"", ""opts"")  
∀x ( (containsOnlyLetters(x, {s, p, o, t}) → Anagram(x, ""tops"")) )",110.3055081967213,20.639037899831003,1.219312275089964,0.5176636906009878
"

∀x (Drinks(x) → Dependent(x))  
∀x (Drinks(x) ⊕ Jokes(x))  
∀x (Jokes(x) → ¬Unaware(x))  
(Student(rina) ∧ Unaware(rina)) ⊕ ¬(Student(rina) ∨ Unaware(rina))  
¬(Dependent(rina) ∧ Student(rina)) → (Dependent(rina) ∧ Student(rina)) ⊕ ¬(Dependent(rina) ∨ Student(rina))  
∀A ∀B ∀C (Anagram(A, B) ∧ Anagram(B, C) → Anagram(A, C))  
Anagram(""pots"", ""stop"")  
¬Anagram(""pots"", ""sport"") ∧ Anagram(""pots"", ""spot"")  
Anagram(""tops"", ""post"") ∧ Anagram(""spot"", ""opts"")  
∀word ( (LettersOnly(word, s, p, o, t)) → Anagram(word, ""tops"") )  
LettersOnly(""opts"", s, p, o, t)  
LettersOnly(""sport"", s, p, o, t)",117.2517972240295,23.535700772241082,1.1871611364129255,0.49842082855013764
"

∀x (TopCover(x) → Roof(x))  
∀x (Roof(x) → (Protect(x) ∧ Block(x)))  
∃x (Roof(x) ∧ Built(x, Concrete))  
∃x (Roof(x) ∧ Built(x, Seagrass))  
Stronger(Concrete, Seagrass)",118.53413223140495,24.2593096211689,1.2293388429752066,0.5668956140697808
"

∀x (TopCover(x) → Roof(x))  
∀x (Roof(x) → (Protects(x) ∧ BlocksSunlight(x)))  
∃x (Roof(x) ∧ MadeOfConcrete(x))  
∃x (Roof(x) ∧ MadeOfSeagrass(x))  
Stronger(Concrete, Seagrass)",114.5702974137931,22.565715129618223,1.2072281167108754,0.5167879354666993
"

∀x (HasTopCover(x) → HasRoof(x))  
∀x (Roof(x) → (Protects(x) ∧ BlocksSunlight(x)))  
∃x (Roof(x) ∧ BuiltFrom(x, Concrete))  
∃x (Roof(x) ∧ BuiltFrom(x, Seagrass))  
Stronger(Concrete, Seagrass)",116.66179262135921,22.575480614353108,1.1813592233009709,0.48283356304154823
"

SoldOverMillion(AyZor)  
∀x (SoldOverMillion(x) → Popular(x))",121.03298232611174,22.790587329348874,1.170467502850627,0.4530589158299773
"

∀x (HasSymptom(x) → ¬Participate(x))  
∀x (HasFever(x) → HasSymptom(x))  
∀x (¬Participate(x) → ¬GoToParty(x))  
∀x (TestNegative(x) → GoToParty(x))  
¬TestNegative(Tom) ∨ ¬HasFever(Tom)  
¬TestNegative(Tom) → ¬Participate(Tom)",108.1076319202784,20.184147960897025,1.2220816197405884,0.5444781052818575
"

∀x (HasSymptoms(x) → ¬ParticipateInSocialEvents(x))  
∀x (Fever(x) → HasSymptoms(x))  
∀x (¬ParticipateInSocialEvents(x) → ¬GoToParties(x))  
∀x (TestNegative(x) → GoToParties(x))  
¬(TestNegative(Tom) ∨ Fever(Tom))  
¬TestNegative(Tom) → ¬ParticipateInSocialEvents(Tom)",110.9889542398612,22.438419477356266,1.236174365647365,0.5707019719572791
"

∀x (HasSymptoms(x) → ¬Participate(x))  
Fever is a symptom of COVID-19.  
∀x (¬Participate(x) → ¬GoToParty(x))  
∀x (TestNegative(x) → GoToParty(x))  
¬TestNegative(Tom) ∧ ¬Fever(Tom)  
¬TestNegative(Tom) → ¬Participate(Tom)",103.29409782406546,19.305976701451208,1.263157894736842,0.574168315074263
"

∀x (Recruited(x) → HighlyTrained(x))  
∀x (Recruited(x) → (FromIndianArmedForces(x) ∨ FromCentralParamilitaryForces(x)))",106.85290896036761,19.342071451073192,1.2581849511774843,0.575413276770943
"

1. IndianEliteParamilitaryUnit(SpecialOperationGroup) ∧ OperatesUnderOdishaPolice(SpecialOperationGroup)  
2. SpecializesIn(SpecialOperationGroup, NeutralizingTerrorists) ∧ SpecializesIn(SpecialOperationGroup, Insurgents) ∧ SpecializesIn(SpecialOperationGroup, Extremists)  
3. ∀x (RecruitedBy(SpecialOperationGroup, x) → HighlyTrained(x, Skills))  
4. ∀x (NeutralizingTerrorists(x) → (Skills(x, RapidAction) ∧ Skills(x, FieldCraft) ∧ Skills(x, JungleWarfare)))  
5. ∀x (RecruitedBy(SpecialOperationGroup, x) → (IndianArmedForces(x) ∨ CentralParamilitaryForces(x)))",109.62178995433791,20.420060121777944,1.2406041447137337,0.5451791341645865
"

IsIndianEliteParamilitaryUnit(sog) ∧ OperatesUnderOdishaPolice(sog)  
SpecializesIn(sog, NeutralizingTerrorists) ∧ SpecializesIn(sog, NeutralizingInsurgents) ∧ SpecializesIn(sog, NeutralizingExtremists)  
∀x (RecruitedIntoSOG(x) → HighlyTrainedInSkills(x))  
∀x (SpecializesIn(sog, x) → InvolvesSkills(x))",110.94958382352942,20.891231416719894,1.2084558823529412,0.5225803888011065
"

∀x (Recruits(SOG, x) → (IndianArmedForces(x) ∨ CentralParamilitaryForces(x)))  
∀x (Recruits(SOG, x) → HighlyTrained(x, Skills(SOG)))  
Skills(Neutralize(Terrorists)) ∧ Skills(Neutralize(Insurgents)) ∧ Skills(Neutralize(Extremists)) → (RapidAction ∧ FieldCraft ∧ JungleWarfare)  
SpecializesIn(SOG, Neutralize(Terrorists)) ∧ SpecializesIn(SOG, Neutralize(Insurgents)) ∧ SpecializesIn(SOG, Neutralize(Extremists))  
IndianElite(SOG) ∧ OperatesUnder(SOG, OdishaPolice)",105.41296860369046,19.792440116394527,1.2013219498760672,0.5038637972182867
"

∀x (Recruit(x) → HighlyTrained(x))  
∀x (Recruit(x) → (FromArmedForces(x) ∨ FromCentralParamilitary(x)))",111.15115362686096,21.137404822296222,1.236300285080773,0.5332528145707458
"

∀x (Businessperson(x) ↔ ∃y (Ownership(x, y)))  
∀x (Ownership(x, y) → MakeMoney(x))  
∀x (Businessperson(x) ↔ (Businessman(x) ∨ Businesswoman(x)))  
∃x (Businessperson(x) ∧ Extroverted(x))  
∀x (Businessperson(x) → HandleMoney(x))  
Businessman(bob) ∧ Ownership(bob, Microsoft)",111.17356702156702,21.87451520068253,1.230958230958231,0.5355526451348966
"

∀x (Businessperson(x) ↔ HasOwnership(x, Company))  
∀x (HasOwnership(x, Company) → MakesMoney(x))  
∀x (Businessperson(x) → (Businessman(x) ∨ Businesswoman(x)))  
∃x (Businessperson(x) ∧ Extroverted(x))  
∀x (Businessperson(x) → HandlesMoneyWell(x))  
Businessman(Bob) ∧ HasOwnership(Bob, Microsoft)",111.05067431270031,21.72373450905915,1.2222971833361445,0.5362570744688174
"

∀x (Businessperson(x) ↔ ∃y (Owns(x, y) ∧ Company(y)))  
∀x (Owns(x, Company) → MakesMoney(x))  
∀x (Businessperson(x) ↔ (Businessman(x) ∨ Businesswoman(x)))  
∃x (Businessperson(x) ∧ Extroverted(x))  
∀x (Businessperson(x) → HandlesMoney(x))  
Businessman(Bob) ∧ Owns(Bob, Microsoft)",113.66672483682584,21.857677958993037,1.2033665407076606,0.5141778975277941
"

∀x (TeenagerStudent(x) → (InCollege(x) ∨ InHighSchool(x)))  
TeenagerStudent(John) ∧ InCollege(John)  
∀x (TeenagerStudent(x) ∧ InCollege(x) ∧ MoreFreedom(x) → ExploreInterests(x))  
∀x (TeenagerStudent(x) ∧ InCollege(x) → (MoreFreedom(x) ∧ GraduatedHighSchool(x)))  
¬MoreFreedom(Catherine)  
TeenagerStudent(Catherine)",126.22872318692544,27.553405185153164,1.180796731358529,0.4857509781963735
"

∀x (TeenagerStudent(x) → (InCollege(x) ∨ InHighSchool(x)))  
TeenagerStudent(John) ∧ InCollege(John)  
∀x ((TeenagerStudent(x) ∧ InCollege(x) ∧ MoreFreedom(x)) → ExplorePersonalInterests(x))  
∀x ((TeenagerStudent(x) ∧ InCollege(x)) → (MoreFreedom(x) ∧ GraduatedFromHighSchool(x)))  
¬MoreFreedom(Catherine)  
TeenagerStudent(Catherine)",123.71568978102191,27.42956480003087,1.2194343065693432,0.5451562165369653
"

∀x (Student(x) → College(x) ∨ HighSchool(x))  
Student(John) ∧ College(John)  
∀x ((Student(x) ∧ College(x)) ∧ Freedom(x) → Interest(x))  
∀x (Student(x) ∧ College(x) → (Freedom(x) ∧ Graduated(x)))  
¬Freedom(Catherine)  
Student(Catherine)",111.96631463990555,22.10269673233064,1.2370129870129871,0.5563517981691303
"

∀x (Resident(x) → (HasTimeAllocatedToRead(x) → HasReadingHabit(x)))  
∀x (Resident(x) ∧ CaresAboutLearning(x) → HasTimeAllocatedToRead(x))  
∀x (Resident(x) ∧ HumbleAboutKnowledge(x) → CaresAboutLearning(x))  
∀x (Resident(x) → (HumbleAboutKnowledge(x) ∨ ConfidentAboutKnowledge(x)))  
(¬HumbleAboutKnowledge(Mary) ∧ ¬HasReadingHabit(Mary)) → ¬HumbleAboutKnowledge(Mary)",122.01084966255527,24.053824599584043,1.1473120781940889,0.47798921744652967
"

∀x (Resident(x) → ¬(HasTimeAllocatedToRead(x) ∧ ¬HasReadingHabit(x)))  
∀x (Resident(x) ∧ CareAboutLearning(x) → HasTimeAllocatedToRead(x))  
∀x (Resident(x) ∧ HumbleAboutKnowledge(x) → CareAboutLearning(x))  
∀x (Resident(x) → (HumbleAboutKnowledge(x) ∨ ConfidentAboutKnowledge(x)))  
(¬HumbleAboutKnowledge(Mary) ∧ ¬HasReadingHabit(Mary)) → ¬HumbleAboutKnowledge(Mary)",120.20570434543454,24.054876924592815,1.1721672167216721,0.48470084292486776
"

∀x (Resident(x) → ¬(HasTime(x) ∧ ¬ReadingHabit(x)))  
∀x (Resident(x) ∧ Care(x) → HasTime(x))  
∀x (Resident(x) ∧ Humble(x) → Care(x))  
∀x (Resident(x) → (Humble(x) ∨ Confident(x)))  
(¬Humble(Mary) ∧ ¬ReadingHabit(Mary)) → ¬Humble(Mary)",129.73420492813142,26.32759844457962,1.1371663244353183,0.4366130834692322
"

MusicProjectOf(TameImpala, KevinParker)  
Member(KevinParker, TameImpala)  
Member(DominicSimper, TameImpala)  
Member(JayWatson, TameImpala)  
Member(CamAvery, TameImpala)  
Member(JulienBarbagallo, TameImpala)  
MostPopularSong(TheLessIKnowTheBetter, TameImpala)  
∀x (MostPopularSong(x, TameImpala) → InMusicProject(x, KevinParker))",113.22577966101694,20.17045181415647,1.1998359759431383,0.5028404560265013
"

∀x (isMusicProjectOf(TameImpala, KevinParker))  
∀x (isMemberOf(KevinParker, TameImpala) ∧ isMemberOf(DominicSimper, TameImpala) ∧ isMemberOf(JayWatson, TameImpala) ∧ isMemberOf(CamAvery, TameImpala) ∧ isMemberOf(JulienBarbagallo, TameImpala))  
isMostPopularSong(TheLessIKnowTheBetter, TameImpala)  
∀x (isMostPopularSong(x, TameImpala) → isInMusicProject(x, KevinParker))",114.90573417721518,21.12379009798914,1.186046511627907,0.498575717858758
"

MusicProjectOf(TameImpala, KevinParker)  
ResponsibleFor(KevinParker, TameImpala)  
MemberOf(KevinParker, TameImpala)  
MemberOf(DominicSimper, TameImpala)  
MemberOf(JayWatson, TameImpala)  
MemberOf(CamAvery, TameImpala)  
MemberOf(JulienBarbagallo, TameImpala)  
PopularSong(""The Less I Know the Better"", TameImpala)  
∀x (PopularSong(x, TameImpala) → InMusicProject(x, KevinParker))",111.64349480968859,20.972194775115515,1.214244521337947,0.5183529947592341
"

∀x (Vegetable(x) → ¬CalledSweet(x))  
∀x (Dessert(x) → CalledSweet(x))  
∀x (Vegetable(x) → Grown(x))  
∀x (Cookie(x) → Dessert(x))  
CalledCookie(cake) ∨ CalledSweet(cake)",121.69228938906753,24.43002626381435,1.1666666666666667,0.453145885210619
"

∀x (IsVegetable(x) → ¬CalledSweet(x))  
∀x (IsDessert(x) → CalledSweet(x))  
∀x (IsVegetable(x) → IsGrown(x))  
∀x (IsCookie(x) → IsDessert(x))  
CalledCookie(cake) ∨ CalledSweet(cake)",118.07307130044845,23.75796260562451,1.2071748878923767,0.5282534050975769
"

∀x (Vegetable(x) → ¬CalledSweet(x))  
∀x (Dessert(x) → CalledSweet(x))  
∀x (Vegetable(x) → Grown(x))  
∀x (Cookie(x) → Dessert(x))  
CalledCookie(cake) ∨ CalledSweet(cake)",117.78211995967743,23.771100537943227,1.21875,0.5327303851916574
"

∀x (Polo(x) → ¬Prepare(x))  
∀x (WorldClass(x) → Polo(x))  
∀x (DoctorLawyer(x) → Prepare(x))  
∀x (HighCareer(x) → DoctorLawyer(x))  
∀x (CRA(x) → HighCareer(x))  
(HighCareer(Riley) ∧ Prepare(Riley)) ⊕ ¬(HighCareer(Riley) ∨ Prepare(Riley))",122.01954324586978,23.70992273011764,1.162050534499514,0.4552128405444065
"

∀x (PlayPolo(x) → ¬PrepareExams(x))  
∀x (WorldClass(x) → PlayPolo(x))  
∀x (BecomeDoctorLawyer(x) → PrepareExams(x))  
∀x (HighPayingCareer(x) → BecomeDoctorLawyer(x))  
∀x (NominatedCRA(x) → HighPayingCareer(x))  
(HighPayingCareer(riley) ∧ PrepareExams(riley)) ⊕ (¬HighPayingCareer(riley) ∧ ¬PrepareExams(riley))",118.09339957999235,22.852180331928963,1.1968308514700268,0.5432896896951546
"

∀x (PlayPolo(x) → ¬PrepareExams(x))  
∀x (WorldClass(x) → PlayPolo(x))  
∀x (BecomeDoctorLawyer(x) → PrepareExams(x))  
∀x (HighPayingCareer(x) → BecomeDoctorLawyer(x))  
∀x (NominatedCRA(x) → HighPayingCareer(x))  
(HighPayingCareer(riley) ∧ PrepareExams(riley)) ⊕ (¬HighPayingCareer(riley) ∧ ¬PrepareExams(riley))",121.29492340526438,24.173134976556042,1.1735831159592127,0.48524277911954405
"

MadeInCanada(Riel)  
PlayedRole(ChristopherPlummer, JohnAMacdonald, Riel)  
FilmedInOrBefore(Riel, 1979)  
∀x ∀y (FilmedInOrBefore(x, y) → ¬FilmedAfter(x, y))",106.62901753519387,17.886089591667172,1.2501852309212151,0.5691419323546965
"

MadeInCanada(Riel)  
AppearsIn(ChristopherPlummer, Riel)  
FilmedInOrBefore(Riel, 1979)  
∀x∀y (FilmedInOrBefore(x, y) → ¬FilmedAfter(x, y))",108.32713645802433,18.853279984349335,1.2195194304360724,0.5148508326213302
"

∀x (Cute(x) → ¬Pig(x))  
∀x (BabyAnimal(x) → Cute(x))  
∀x (Pig(x) ∨ Sheep(x))  
∀x (CurlyHair(x) → Sheep(x))  
∀x (Mouse(x) → ¬Sheep(x))  
BabyAnimal(Waldo) ∨ CurlyHair(Waldo) ∨ (¬BabyAnimal(Waldo) ∧ ¬CurlyHair(Waldo))  
(Sheep(Murphy) ∧ Mouse(Murphy)) ∨ (¬Sheep(Murphy) ∧ ¬Mouse(Murphy))",112.83307850018471,22.642336008479308,1.179903952715183,0.4798822256647374
"

∀x (Cute(x) → ¬Pig(x))  
∀x (Baby(x) → Cute(x))  
∀x (Pig(x) ∨ Sheep(x))  
∀x (CurlyHair(x) → Sheep(x))  
∀x (Mouse(x) → ¬Sheep(x))  
Baby(Waldo) ∨ CurlyHair(Waldo)  
(Sheep(Murphy) ∧ Mouse(Murphy)) ∨ (¬Sheep(Murphy) ∧ ¬Mouse(Murphy))",110.3694696531792,21.927799978419806,1.2024727039177907,0.49817939579848947
"

∀x (Cute(x) → ¬Pig(x))  
∀x (Baby(x) → Cute(x))  
∀x (Pig(x) ∨ Sheep(x))  
∀x (CurlyHair(x) → Sheep(x))  
∀x (Mouse(x) → ¬Sheep(x))  
Baby(Waldo) ∨ CurlyHair(Waldo)  
(Sheep(Murphy) ∧ Mouse(Murphy)) ∨ (¬Sheep(Murphy) ∧ ¬Mouse(Murphy))",112.71125005606639,21.663689054149874,1.19533527696793,0.5044904822969163
"

∀x (Cute(x) → ¬Pig(x))  
∀x (Baby(x) → Cute(x))  
∀x (Pig(x) ∨ Sheep(x))  
∀x (CurlyHair(x) → Sheep(x))  
∀x (Mouse(x) → ¬Sheep(x))  
Baby(Waldo) ∨ CurlyHair(Waldo) ∨ (¬Baby(Waldo) ∧ ¬CurlyHair(Waldo))  
(Sheep(Murphy) ∧ Mouse(Murphy)) ∨ (¬Sheep(Murphy) ∧ ¬Mouse(Murphy))",113.84219235807859,21.531537744324467,1.1807860262008734,0.48522024223321014
"

∀x (Chair(x) → Furniture(x))  
∀x (Furniture(x) → Furniture(x))",113.41451469648561,21.349366253052395,1.2485623003194888,0.556293797601286
"

1. Species(Enterococcus durans, Enterococcus)  
2. GramPositive(Enterococcus durans) ∧ CatalaseNegative(Enterococcus durans) ∧ OxidaseNegative(Enterococcus durans) ∧ Coccus(Enterococcus durans)  
3. ∃x (Strain(x, Enterococcus durans) ∧ Producer(x, AntiInflammatoryAgent))  
4. ∀x (AntiInflammatoryAgent(x) → StudiedInMedicalResearch(x))",117.3001816860465,23.458491050986815,1.1922238372093024,0.4938994070815518
"

SpeciesOf(Enterococcus durans, Enterococcus)  
GramPositive(Enterococcus durans) ∧ CatalaseNegative(Enterococcus durans) ∧ OxidaseNegative(Enterococcus durans) ∧ Coccus(Enterococcus durans) ∧ Bacterium(Enterococcus durans)  
∃x (Strain(x, Enterococcus durans) ∧ Producer(x, AntiInflammatoryAgent))  
∀x (AntiInflammatoryAgent(x) → StudiedInMedicalResearch(x))",119.26341304347827,23.393174570889872,1.159146841673503,0.4610555289234633
"

SpeciesOf(Enterococcus durans, Enterococcus)  
GramPositive(Enterococcus durans) ∧ CatalaseNegative(Enterococcus durans) ∧ OxidaseNegative(Enterococcus durans) ∧ CoccusBacterium(Enterococcus durans)  
∃x (Strain(x, Enterococcus durans) ∧ Producer(x, AntiInflammatoryAgent))  
∀x (AntiInflammatoryAgent(x) → StudiedInMedicalResearch(x))",114.86262726374711,22.832051318211693,1.1774777741191966,0.4701632696013554
"

∀x (ShootingGuard(x) → ¬TallerThan7Feet(x))  
∀x (Top75Center(x) → TallerThan7Feet(x))  
∀x (PlayingTwoPositions(x) → ShootingGuard(x))  
∀x ((Guard(x) ∧ ¬PlayingPointPosition(x)) → PlayingTwoPositions(x))  
(Top75Center(John) ∨ ShootingGuard(John)) → ¬(PlayingTwoPositions(John) ∧ (Guard(John) ∧ ¬PlayingPointPosition(John)))",118.07502843601895,24.10945452372546,1.1945915807081127,0.5163010655236624
"

∀x (ShootingGuard(x) → ¬TallerThan7Feet(x))  
∀x (Top75Center(x) → TallerThan7Feet(x))  
∀x (BasketballPlayerTwoPositions(x) → ShootingGuard(x))  
∀x (GuardNotPointPosition(x) → BasketballPlayerTwoPositions(x))  
(Top75Center(john) ∨ ShootingGuard(john)) → ¬(BasketballPlayerTwoPositions(john) ∧ GuardNotPointPosition(john))",133.95551780137416,27.600375046829267,1.1311680199875078,0.4244662414524936
"

∀x (ShootingGuard(x) → ¬TallerThan7Feet(x))  
∀x (Top75Center(x) → TallerThan7Feet(x))  
∀x (PlayingTwoPositions(x) → ShootingGuard(x))  
∀x (Guard(x) ∧ ¬PlayingPointPosition(x) → PlayingTwoPositions(x))  
(Top75Center(John) ∨ ShootingGuard(John)) → ¬(PlayingTwoPositions(John) ∧ ¬PlayingPointPosition(John))",132.56288353765325,25.51565996139961,1.106830122591944,0.3488368526627336
"

∀x (Hit(x) → Catchy(x))  
∀x ( (¬Melody(x) ∨ ¬Rhythm(x)) → ¬Popular(x))  
∀x (Hit(x) → Popular(x))",148.0797951388889,28.41782364591863,1.0885416666666667,0.34981238771264556
"

∀x (Hit(x) → Catchy(x))  
∀x (¬Melody(x) ∨ ¬Rhythm(x) → ¬Popular(x))  
∀x (Hit(x) → Popular(x))",140.79021666666668,26.948704620213196,1.1166666666666667,0.39264063297965823
"

∀x (Hit(x) → Catchy(x))  
∀x (¬Melody(x) ∨ ¬Rhythm(x) → ¬Popular(x))  
∀x (Hit(x) → Popular(x))",141.2098018539977,28.319380953324348,1.111239860950174,0.398899083688223
"

∀x (AcceptedOral(x) → PresentedOffline(x))  
∀x (PresentedOffline(x) → NotRejected(x))  
∀x (BestCandidate(x) → AcceptedOral(x))  
∃x (SurveyPaper(x) ∧ BestCandidate(x))  
BestCandidate(a)",124.1621625779626,26.280639940371305,1.185862785862786,0.46940460129506517
"

∀x (Accepted(x) → PresentedOffline(x))  
∀x (PresentedOffline(x) → NotRejected(x))  
∀x (SelectedBest(x) → Accepted(x))  
∃x (Survey(x) ∧ SelectedBest(x))  
SelectedBest(AnalyticDPM)",133.2960111011101,28.28098180808049,1.1035103510351034,0.3712148417207186
"

∀x (AcceptedOral(x) → PresentedOffline(x))  
∀x (PresentedOffline(x) → ¬Rejected(x))  
∀x (SelectedBestCandidate(x) → AcceptedOral(x))  
∃x (Survey(x) ∧ SelectedBestCandidate(x))  
SelectedBestCandidate(Analytic-DPM)",126.83349276859504,26.19538513797435,1.162190082644628,0.4718700236722916
"

∀x (AttendedACLInAILab(x) → ¬Author(x))  
∀x (GraduateStudentInAILab(x) → Author(x))  
∀x (ComputerScienceStudentInAILabDoingNLP(x) → GraduateStudentInAILab(x))  
∀x ((PhDStudentInAILab(x) ∧ TookAppliedLinguisticsCourse(x)) → ComputerScienceStudentDoingNLP(x))  
InAILab(Paul)  
(ComputerScienceStudentDoingNLP(Paul) ∨ AttendedACLInAILab(Paul)) → ¬Author(Paul)",122.1241342737722,22.922131260595023,1.1368861024033439,0.4240274638011558
"

∀x (AttendedACL(x) → ¬Author(x))  
∀x (GraduateStudent(x) → Author(x))  
∀x (ComputerScienceStudent(x) ∧ ResearchNLP(x) → GraduateStudent(x))  
∀x (PhDStudent(x) ∧ TookAppliedLinguistics(x) → ComputerScienceStudent(x) ∧ ResearchNLP(x))  
InAILab(Paul)  
( (ComputerScienceStudent(Paul) ∧ ResearchNLP(Paul)) ∨ AttendedACL(Paul) ) → ¬Author(Paul)",123.56881225783727,23.618785563021095,1.1345544205706235,0.41485289869990283
"

∀x (AttendedACL(x) → ¬Author(x))  
∀x (GraduateStudent(x) → Author(x))  
∀x ((ComputerScienceStudent(x) ∧ ResearchNLP(x)) → GraduateStudent(x))  
∀x ((PhDStudent(x) ∧ TookAppliedLinguistics(x)) → (ComputerScienceStudent(x) ∧ ResearchNLP(x)))  
InAILab(paul)  
((ComputerScienceStudent(paul) ∧ ResearchNLP(paul)) ∨ AttendedACL(paul)) → ¬Author(paul)",126.15664659270999,24.549242881679525,1.120443740095087,0.3822106211659002
"

∀x (Moth(x) → ¬Butterfly(x))  
∀x (Butterfly(x) → ThinAntennae(x))  
∀x (Moth(x) → EmergesFromCocoon(x))  
∃x (Moth(x) ∧ Pest(x))  
Moth(cerura_vinula)",124.45336078431373,26.330728790641277,1.2028011204481792,0.5242500282304092
"

∀x (Moth(x) → ¬Butterfly(x))  
∀x (Butterfly(x) → ThinAntennae(x))  
∀x (Moth(x) → EmergesFromCocoon(x))  
∃x (Moth(x) ∧ Pest(x))  
Moth(c)",129.89371567357512,25.876064236407696,1.1509067357512954,0.4607936458414915
"

∀x (Moth(x) → ¬Butterfly(x))  
∀x (Butterfly(x) → ThinAntennae(x))  
∀x (Moth(x) → EmergesFromCocoon(x))  
∃x (Moth(x) ∧ Pest(x))  
Moth(c)",119.14324884792627,24.17195160823755,1.196774193548387,0.5066276954751944
"

∀x (ActiveParadeGround(x) → UsedBy(x, Military))  
∃x (MadeBy(x, BalthasarWigand) ∧ SubjectOf(x, Schmelz))  
LocatedIn(Schmelz, Vienna) ∧ ParadeGround(Schmelz) ∧ ExerciseGround(Schmelz)  
Contains(Schmelz, FootballFieldOf(SK_Rapid_Wien))",111.46782936366868,23.070774064117558,1.2449342339139708,0.5909136348616147
"

∀x (ActiveParadeGround(x) → UsedBy(x, Military))  
Artist(BalthasarWigand) ∧ MadePainting(BalthasarWigand, Schmelz)  
LocatedIn(Schmelz, Vienna)  
ContainedIn(FieldOfSKRapidWien, Schmelz)",115.93157,23.930735683588306,1.208,0.5125777989729949
"

1. IsFormerParadeAndExerciseGround(Schmelz) ∧ LocatedIn(Schmelz, Vienna)  
2. ContainedWithin(FirstFootballFieldOfSKRapidWien, Schmelz)  
3. ∀x (ActiveParadeGround(x) → IsUsedBy(x, Military))  
4. IsArtist(BalthasarWigand) ∧ MadePaintingOf(BalthasarWigand, Schmelz)",111.83495735492578,21.45908220205903,1.2251012145748987,0.5562224593663204
"

∀x (Electroencephalogram(x) → UsesElectrodes(x))  
∃x (Electroencephalogram(x) ∨ fMRI(x))  
∀x (fMRI(x) → ¬MeasuresVoltageChange(x))  
∀x (NearInfraredSpectroscopy(x) → ¬(Electroencephalogram(x) ∧ Magnetoencephalography(x)))  
∀x ((Electroencephalogram(x) ∨ Magnetoencephalography(x)) → (MeasuresVoltageChange(x) ∧ Magnetoencephalography(x)))",121.74248470209339,21.857270659808893,1.1339774557165863,0.4308047289290134
"

∀x (EEG(x) ∧ AppliedInHospital(x) → UsesElectrodes(x))  
∃x (EEG(x) ∧ AppliedInHospital(x)) ∨ ∃x (fMRI(x) ∧ AppliedInHospital(x))  
∀x (fMRI(x) ∧ AppliedInHospital(x) → ¬MeasuresVoltageChange(x))  
∀x (AppliedInHospital(x) ∧ NearInfrared(x) → ¬(EEG(x) ∧ MEG(x)))  
∀x (AppliedInHospital(x) ∧ NearInfrared(x) ∧ (EEG(x) ∨ MEG(x)) → (MeasuresVoltageChange(x) ∧ MEG(x)))",112.65572859787136,19.075852331840228,1.1478482184173993,0.43198287700205346
"

∀x (E(x) → U(x))  
∀x (E(x) ∨ F(x))  
∀x (F(x) → ¬V(x))  
¬(E(N) ∧ M(N))  
(E(N) ∨ M(N)) → (V(N) ∧ M(N))",113.75668002524455,18.97018016404872,1.2022720100978226,0.49654649600733125
"

1. ∀x (E(x) → U(x))  
2. ∀x (E(x) ∨ F(x))  
3. ∀x (F(x) → ¬V(x))  
4. ¬(E(n) ∧ M(n))  
5. (E(n) ∨ M(n)) → (V(n) ∧ M(n))",113.62332620320853,20.140984290715092,1.2087700534759358,0.528187381230791
"

∀x (AppliedInNewHavenHospital(x) ∧ Electroencephalogram(x) → UsesElectrodes(x))  
∃x (Electroencephalogram(x) ∧ AppliedInNewHavenHospital(x)) ∨ ∃x (fMRI(x) ∧ AppliedInNewHavenHospital(x))  
∀x (fMRI(x) ∧ AppliedInNewHavenHospital(x) → ¬MeasuresVoltageChange(x))  
∀x (AppliedInNewHavenHospital(x) ∧ NearInfrared(x) → ¬(Electroencephalogram(x) ∧ Magnetoencephalography(x)))  
∀x ( (AppliedInNewHavenHospital(x) ∧ NearInfrared(x) ∧ (Electroencephalogram(x) ∨ Magnetoencephalography(x))) → (MeasuresVoltageChange(x) ∧ Magnetoencephalography(x) ∧ AppliedInNewHavenHospital(x)))",111.10544365035733,19.667770673200483,1.1814183617372183,0.48552358757533104
"

∀x (Hiatus(x, 2020) → ¬Run(x, 2020))  
Annual(TasteOfEdmonton) ∧ Outdoor(TasteOfEdmonton) ∧ HeldIn(TasteOfEdmonton, Alberta)  
Hiatus(TasteOfEdmonton, 2020)  
FoodEntertainmentFestival(TasteOfEdmonton) ∧ Largest(TasteOfEdmonton, WesternCanada)",112.77877931945821,20.771654525657375,1.1816980508754542,0.48840742658536607
"

∀x (Annual(x) ∧ Outdoor(x) ∧ HeldIn(x, Alberta))  
HiatusInYear(t, 2020)  
∀x ∀y (HiatusInYear(x, y) → ¬RunInYear(x, y))  
LargestFoodEntertainmentFestival(t, WesternCanada)",113.99525442122186,21.428865114692336,1.190112540192926,0.4939655014220681
"

∀x (Drinks(x) → Dependent(x))  
∀x (Drinks(x) ⊕ Jokes(x))  
∀x (Jokes(x) → ¬Unaware(x))  
(Student(rina) ∧ Unaware(rina)) ⊕ ¬(Student(rina) ∨ Unaware(rina))  
¬(Dependent(rina) ∧ Student(rina)) → (Dependent(rina) ∧ Student(rina)) ⊕ ¬(Dependent(rina) ∨ Student(rina))  
Annual(TasteOfEdmonton) ∧ Outdoor(TasteOfEdmonton) ∧ HeldIn(TasteOfEdmonton, Alberta)  
Hiatus(TasteOfEdmonton, 2020)  
∀F, Y (Hiatus(F, Y) → ¬Runs(F, Y))  
LargestFoodAndEntertainmentFestival(TasteOfEdmonton, WesternCanada)",113.79203365384616,22.251610867301302,1.2074175824175823,0.5282928459854723
"

(AtHome(Hugo) ∧ Cold(apartment)) → WearingSweater(Hugo)  
InWinter → Cold(apartment)  
Month(February)  
InWinter(February)  
ReadsNovel(Hugo) → AtHome(Hugo)  
ReadsNovel(Hugo)",112.48049203821655,22.366533656444687,1.2245222929936306,0.5169766911424064
"

∀x ( (SoldInWalmart(x) ∧ Coffee(x)) → ¬FromFrance(x) )  
∀x ( FavoredByLocalResidents(x) → FromColumbia(x) )  
∀x ( HighPrice(x) → FavoredByJack(x) )  
¬FromColumbia(CivetCoffee)  
Expensive(JamaicaBlue)  
∀x ( Expensive(x) → HighPrice(x) )",111.78457956844234,21.20024836077566,1.2238705327039785,0.5420142891512669
"

∀x (SoldInWalmart(x) → ¬FromFrance(x))  
∀x (FavoredByResidents(x) → FromColumbia(x))  
∀x (HighPrice(x) → FavoredByJack(x))  
∀x (IsCivetCoffee(x) → ¬FromColumbia(x))  
Expensive(JamaicaBlue)  
∀x (Expensive(x) → HighPrice(x))",113.73116942024633,21.232814036929703,1.200961249624512,0.506656479505644
"

∀x (SoldInWalmart(x) → ¬FromFrance(x))  
∀x (FavoredByLocalResidents(x) → FromColumbia(x))  
∀x (HighPrice(x) → FavoredByJack(x))  
¬FromColumbia(CivetCoffee)  
Expensive(JamaicaBlue)  
∀x (Expensive(x) → HighPrice(x))",115.46314008468595,21.823759804181524,1.1930134086097388,0.525100946537432
"

Pleasant(elation)  
∀x (Pleasant(x) → Positive(x))",122.67621673640167,22.764641631448,1.213389121338912,0.4897149491589693
"

∀x (Drinks(x) → Dependent(x))  
∀x (Drinks(x) ⊕ Jokes(x))  
∀x (Jokes(x) → ¬Unaware(x))  
(Student(rina) ∧ Unaware(rina)) ⊕ ¬(Student(rina) ∨ Unaware(rina))  
¬(Dependent(rina) ∧ Student(rina)) → (Dependent(rina) ∧ Student(rina)) ⊕ ¬(Dependent(rina) ∨ Student(rina))  
GoDowntownOnFoot(Adam)  
BuysTshirt(Adam) → BlueTshirt(Adam)  
GoDowntown(Adam) ↔ GoingShopping(Adam)  
GoDowntownByBike(Adam) ∨ GoDowntownOnFoot(Adam)  
GoDowntownOnFoot(Adam) → BuysTshirt(Adam)",109.75228039082027,20.64183815443772,1.2329016132697115,0.5728611755660582
"

∀x (Drinks(x) → Dependent(x))  
∀x (Drinks(x) ⊕ Jokes(x))  
∀x (Jokes(x) → ¬Unaware(x))  
(Student(rina) ∧ Unaware(rina)) ⊕ ¬(Student(rina) ∨ Unaware(rina))  
¬(Dependent(rina) ∧ Student(rina)) → (Dependent(rina) ∧ Student(rina)) ⊕ ¬(Dependent(rina) ∨ Student(rina))  
GoesToDowntown(Adam, foot)  
BuysTShirt(Adam) → BlueTShirt(Adam)  
GoesToDowntown(Adam) ↔ Shopping(Adam)  
GoesToDowntown(Adam, bike) ∨ GoesToDowntown(Adam, foot)  
GoesToDowntown(Adam, foot) → BuysTShirt(Adam)",105.3546060166727,20.126936987306976,1.1719826023921711,0.4845919711032609
"

∀x (Drinks(x) → Dependent(x))  
∀x (Drinks(x) ⊕ Jokes(x))  
∀x (Jokes(x) → ¬Unaware(x))  
(Student(rina) ∧ Unaware(rina)) ⊕ ¬(Student(rina) ∨ Unaware(rina))  
¬(Dependent(rina) ∧ Student(rina)) → (Dependent(rina) ∧ Student(rina)) ⊕ ¬(Dependent(rina) ∨ Student(rina))  
GoDowntown(Adam) ∧ OnFoot(Adam)  
BuysTshirt(Adam) → BlueTshirt(Adam)  
GoDowntown(Adam) ↔ GoingShopping(Adam)  
GoDowntown(Adam) ∧ (ByBike(Adam) ∨ OnFoot(Adam))  
(GoDowntown(Adam) ∧ OnFoot(Adam)) → BuysTshirt(Adam)",103.66651225334182,19.671045235406645,1.2251750477402927,0.5455650291741976
"

∀x (FlightDestination(x) → InDomesticAmerica(x))  
∀x (¬RequirePassport(x) → ¬RussianSpoken(x))  
∀x (InDomesticAmerica(x) → ¬RequirePassport(x))  
∀x (BalticCountry(x) → RussianSpoken(x))  
∀x (EstonianStreetSigns(x) → BalticCountry(x))  
∀x ( (FlightDestination(x) ∨ BalticCountry(x)) → ¬BalticCountry(x))",107.41437629978418,19.6951124111548,1.2097312144398666,0.51632128141241
"

∀x (FlightDestination(x) → DomesticAmerica(x))  
∀x (¬RequiresPassport(x) → ¬RussianSpoken(x))  
∀x (DomesticAmerica(x) → ¬RequiresPassport(x))  
∀x (BalticCountry(x) → RussianSpoken(x))  
∀x (EstonianStreetSigns(x) → BalticCountry(x))  
∀x ((FlightDestination(x) ∨ BalticCountry(x)) → ¬BalticCountry(x))",106.67626584296535,19.90776154462599,1.19649262654444,0.4975544557876349
"

∀x (FlightDestination(x) → InDomesticAmerica(x))  
∀x (¬RequiresPassport(x) → ¬HasRussianLanguage(x))  
∀x (InDomesticAmerica(x) → ¬RequiresPassport(x))  
∀x (BalticCountry(x) → HasRussianLanguage(x))  
∀x (HasEstonianStreetSigns(x) → BalticCountry(x))  
(FlightDestination(x) ∨ BalticCountry(x)) → ¬BalticCountry(x)",112.65285367717287,20.635485793077816,1.1516714422158547,0.45243116482783446
